Plot,Subplot,Quadrat,Fronds,Canopy Cover,Canopy Cover (2),Cover ID (1),Cover ID (2),Cover ID (3),Cover ID (4),Cover ID (5),Cover ID (6),,Light Above,Light Below,ID,Black Fern,White Fern,Liana (%),Grass (%),Philodendron (%),Alternate Canopy (1),Alternate Canopy (2),Small Fern Count,Frond (1),Frond (2),Frond (3),Frond (4),Frond (5),Mean Frond,SD Frond
24,1,1,43,52,52,Cecropia obtusifolia,Heliocarpus donnel-smithii,Psidium guajava,Eupatorium galeotti,,,,NOR-,LOW-,76,,,,,,,,,159,101,145,136,153,138.8,22.82980508
24,1,2,32,36,36,Bursera simaruba,Piper hispidum,Albizia purpusii,,,,,NOR,LOW,99,,,,,,,,,151,104,121,109,112,119.4,18.71630305
24,1,3,9,72,72,Conostegia xalapensis,Piper hispidum,,,,,,NOR+,LOW,84,,,,,,,,,118,111,75,81,101,97.2,18.6601179
24,1,4,48,60,60,Constegia xalapensis,Citrus sp.,Albizia purpusii,Albizia purpusii,,,,LOW,LOW-,22,,,,,,,,,94,135,122,152,99,120.4,24.3372143
24,2,5,50,55,55,Cecropia obtusifolia,Conostegia xalapensis,Vine,,,,,NOR-,LOW-,52,,,,,,,,,160,154,129,147,140,146,12.10371844
24,2,6,36,49,49,Conostegia xalapensis,Maytenus purpusii,,,,,,LOW,LOW-,81,,,,,,,,,120,102,127,126,129,120.8,11.0317723
24,2,7,34,72,72,Conostegia xalapensis,Albizia purpusii,Piper hispidum,,,,,NOR,LOW-,119,,,,,,,,,90,104,120,112,121,109.4,12.83744523
24,2,8,63,49,49,Bursera simaruba,Bursera simaruba,Conostegia xalapensis,Vine,,,,NOR,LOW-,25,,,,,,,,,161,148,127,126,129,138.2,15.61089363
24,3,9,50,52,52,Alchornea latifolia,Bursera simaruba,,,,,,HIGH-,LOW-,66,,,,,,,,,106,117,98,132,151,120.8,21.15892247
24,3,10,0,36,36,Psidium guajava,Bursera simaruba,Vachellia cornigera,,,,,NOR,LOW,37,,,,,,,,,None,None,None,None,None,None,None
24,3,11,26,72,72,Conostegia xalapensis,Psidium guajava,,,,,,NOR-,LOW,87,,,,,,,,,136,127,128,136,154,136.2,10.82589488
24,3,12,38,60,60,Cecropia obtusifolia,Albizia purpusii,,,,,,NOR+,LOW,142,,,,,,,,,159,190,163,162,170,168.8,12.51798706
24,4,13,0,36,36,Conostegia xalapensis,,,,,,,NA,NA,43,,,,,,,,,None,None,None,None,None,None,None
24,4,14,15,49,49,Maytenus purpusii,,,,,,,NOR,LOW-,88,,,,,,,,,93,54,106,56,38,69.4,28.71933147
24,4,15,67,72,72,Conostegia xalapensis,Conostegia xalapensis,Bursera simaruba,,,,,HIGH-,LOW,39,,,,,,,,,144,139,137,120,126,133.2,9.884331035
24,4,16,47,65,65,Cecropia obtusifolia,Albizia purpusii,Conostegia xalapensis,,,,,NA,NA,130,,,,,,,,,202,169,147,166,162,169.2,20.1915824
23,1,1,43,75,75,Gliricidia sepium,,,,,,,LOW,LOW-,169,,,,,,,,,156,159,169,155,157,159.2,5.674504384
23,1,2,72,49,49,Acacia cornigera,Piper hispidum,Bursera simaruba,,,,,NOR+,LOW,2,,,,,,,,,79,69,47,106,50,70.2,24.01457891
23,1,3,33,64,64,Piper hispidum,Conostegia xalapensis,Gliricidia sepium,,,,,NOR-,LOW-,65,,,,,,,,,124,126,112,57,74,98.6,31.26979373
23,1,4,64,61,61,Conostegia xalapensis,Piper hispidum,Bursera simaruba,,,,,NOR,LOW-,27,,,,,,,,,84,103,93,84,94,91.6,7.956129712
23,2,5,16,77,77,Conostegia xalapensis,Heliocarpus donnel-smithii,,,,,,LOW,LOW-,158,8,,,,,,,,193,166,171,190,182,180.4,11.71750827
23,2,6,11,84,84,Aspidosperma megalocarpon,,,,,,,LOW-,LOW-,149,,,,,,,,,140,135,120,83,143,124.2,24.6718463
23,2,7,58,86,86,Conostegia xalapensis,Lonchocarpus guatemalensis,,,,,,LOW,LOW-,4,,,,,,,,,124,142,123,126,142,131.4,9.736529156
23,2,8,45,6,6,Cecropia obtusifolia,Albizia purpusii,,,,,,HIGH-,LOW,,,,,,,,,,154,133,150,140,182,151.8,18.79361594
23,3,9,38,69,69,Conostegia xalapensis,Conostegia xalapensis,Trema micrantha,Lonchocarpus guatemalensis,,,,NOR,LOW-,,,,,,,,,,142,135,137,148,122,136.8,9.679876032
23,3,10,72,67,67,Vachellia cornigera,Vochysia guatemalensis,Bursera simaruba,,,,,LOW+,LOW-,66,,,,,,,,,118,116,124,123,132,122.6,6.228964601
23,3,11,38,74,74,Vochysia guatemalensis,Conostegia xalapensis,,,,,,LOW+,LOW-,63,,,,,,,,,94,102,119,114,140,113.8,17.64086166
23,3,12,43,59,59,Vochysia guatemalensis,Conostegia xalapensis,Ceiba pentandra,,,,,NOR,LOW,44,,,,,,,,,137,135,130,100,109,122.2,16.66433317
23,4,13,83,4,4,Ceiba pentandra,,,,,,,NOR+,LOW,100,,,,,,,,,143,137,148,114,140,136.4,13.16434579
23,4,14,39,16,16,Lonchocarpus guatemalensis,Ceiba pentandra,,,,,,NOR+,LOW,98,,,,,,,,,100,119,128,122,126,119,11.18033989
23,4,15,31,79,79,Heliocarpus donnel-smithii,Albizia purpusii,Heliocarpus appendiculata,,,,,LOW,LOW-,13,,,,,,,,,126,120,113,150,75,116.8,27.19742635
23,4,16,17,55,55,Lonchocarpus guatemalensis,Ceiba pentandra,,,,,,NOR,LOW-,96,,,100,,,,,,127,156,138,135,128,136.8,11.69187752
22,1,1,30,90,90,Tabernaemontana alba,Cecropia obtusifolia,,,,,,LOW,LOW-,41,,,,,,,,,162,157,151,120,124,142.8,19.4345054
22,1,2,32,92,92,Hampea nutricia,Hampea nutricia,Hampea nutricia,Ficus yoponensis,,,,LOW,LOW-,12,,,,,,,,,147,130,101,122,81,116.2,25.70408528
22,1,3,0,81,81,Piper hispidum,Ficus yoponensis,Amphitecna tuxtlensis,,,,,LOW-,LOW-,49,,,,,,,,,None,None,None,None,None,None,None
22,1,4,5,86,86,Tabernaemontana donnel-smithii,Ficus yoponensis,,,,,,LOW,LOW-,112,,,,,,,,,62,75,59,56,53,61,8.514693183
22,2,5,58,89,89,Xanthosoma robustum,Tabernaemontana donnel-smithii,,,,,,LOW,LOW-,16,,,,,,,,,140,120,116,126,124,125.2,9.121403401
22,2,6,45,71,71,Cojoba arborea,Cecropia obtusifolia,,,,,,LOW,LOW-,102,,,,,,,,,151,122,143,135,129,136,11.40175425
22,2,7,31,71,71,Cecropia obtusifolia,Cecropia obtusifolia,,,,,,LOW,LOW-,156,,,,,,,,,167,134,156,151,145,150.6,12.3004065
22,2,8,48,83,83,Conostegia xalapensis,,,,,,,LOW,LOW-,24,,,,,,,,,175,158,161,146,164,160.8,10.47377678
22,3,9,0,79,79,Tabernaemontana alba,,,,,,,NOR,LOW,131,,,,,,,,,None,None,None,None,None,None,None
22,3,10,0,77,77,Trema micrantha,Poulsenia armata,Bursera simaruba,,,,,LOW,LOW-,129,,,,,,,,,None,None,None,None,None,None,None
22,3,11,52,88,88,Amphitecna tuxtlensis,Alcornea latifolia,,,,,,LOW,LOW-,28,,,,,,,,,115,150,120,153,167,141,22.46107745
22,3,12,7,77,77,Amphitecna tuxtlensis,,,,,,,LOW,LOW-,55,,,,,,,,,50,50,51,79,60,58,12.46996391
22,4,13,0,75,75,Inga sinacae,,,,,,,LOW-,LOW-,138,,,,,,,,,None,None,None,None,None,None,None
22,4,14,0,83,83,Cojoba arborea,,,,,,,LOW,LOW-,96,,,,,,,,,None,None,None,None,None,None,None
22,4,15,0,72,72,Tabernaemontana alba,,,,,,,LOW,LOW-,6,,,,,,,,,None,None,None,None,None,None,None
22,4,16,37,84,84,Tabernaemontana alba,Annona mucosa,Hampea nutricia,,,,,LOW+,LOW-,130,,,,,,,,,132,137,144,120,117,130,11.37980668
21,1,1,51,88,88,Handroanthus chrysanthus,,,,,,,LOW-,LOW-,46,,,,,,,,,134,131,112,139,133,129.8,10.37786105
21,1,2,42,78,78,Albizia purpusii,Bursera simaruba,,,,,,LOW,LOW-,81,,,,,,,,,187,156,161,171,155,166,13.34166406
21,1,3,26,79,79,Piper hispidum,Albizia purpusii,,,,,,LOW,LOW-,154,,,,,,,,,112,109,95,105,113,106.8,7.293833012
21,1,4,43,71,71,Albizia purpusii,,,,,,,LOW,LOW-,141,,,,,,,,,172,146,146,167,127,151.6,18.17415748
21,2,5,33,82,82,Cecropia obtusifolia,Cestrum racemosa,Bursera simaruba,Tabernaemontana alba,,,,LOW,LOW,92,,,,,,,,,60,34,73,44,64,55,15.74801575
21,2,6,17,76,76,Conostegia xalapensis,Conostegia xalapensis,Heliocarpus appendiculata,,,,,LOW,LOW-,146,,,,,,,,,133,103,87,90,101,102.8,18.22635454
21,2,7,33,62,62,Heliocarpus appendiculata,Heliocarpus appendiculata,,,,,,LOW,LOW-,121,,,,,,,,,154,132,116,115,124,128.2,15.97498044
21,2,8,28,77,77,Piper hispidum,Tabernaemontana alba,,,,,,LOW,LOW-,94,,,,,,,,,76,81,85,86,61,77.8,10.18331969
21,3,9,14,73,73,Piper hispidum,Bursera simaruba,Bursera simaruba,,,,,NOR,LOW-,129,,,,,,,,,78,59,67,58,59,64.2,8.526429499
21,3,10,11,81,81,Piper hispidum,Hampea nutricia,Bursera simaruba,Pleuranthodendron lindenii,,,,LOW,LOW-,141,,,,,,,,,58,54,57,44,68,56.2,8.613942187
21,3,11,13,68,68,Bursera simaruba,Albizia purpusii,Pleuranthodendron lindenii,,,,,LOW+,LOW-,112,,,,,,,,,66,68,64,53,54,61,7
21,3,12,41,83,83,Bursera simaruba,Eupatorium galeotii,,,,,,LOW,LOW-,66,,,,,,,,,95,103,75,103,112,97.6,13.99285532
21,4,13,35,79,79,Conostegia xalapensis,Eupatorium galeotii,Vachellia cornigera,,,,,LOW,LOW-,120,,,,,,,,,59,113,111,112,103,99.6,23.0390972
21,4,14,6,78,78,Piper hispidum,Vochysia guatemalensis,Heliocarpus appendiculata,,,,,LOW,LOW-,,,,,,,,,,82,78,81,71,87,79.8,5.89067059
21,4,15,16,71,71,Vochysia guatemalensis,Heliocarpus appendiculata,,,,,,LOW,LOW-,58,,,,,,,,,80,85,89,92,102,89.6,8.264381405
21,4,16,31,78,78,Conostegia xalapensis,Bursera simaruba,Bursera simaruba,Aspidosperma megalocarpon,,,,LOW,LOW-,81,,,,,,,,,122,131,125,86,99,112.6,19.19114379
20,1,1,38,82,82,Piper hispidum,Bursera simaruba,Cecropia obtusifolia,,,,,NOR,LOW-,67,,,,,,,,,126,96,105,148,128,120.6,20.51341025
20,1,2,3,75,75,Inga sinacae,,,,,,,LOW,LOW-,138,,,50,,,,,,49,64,69,None,None,60.66666667,10.40833
20,1,3,0,79,79,Piper hispidum,Ficus yoponensis,Cecropia obtusifolia,,,,,LOW,LOW-,61,,,,,,,,,None,None,None,None,None,None,None
20,1,4,0,82,82,Piper hispidum,Piper hispidum,Ficus yoponensis,,,,,LOW,LOW-,113,,,,,,,,,None,None,None,None,None,None,None
20,2,5,15,92,92,Amphitecna tuxtlensis,Cojoba arborea,,,,,,LOW,LOW-,140,,,,,,,,,128,111,95,99,90,104.6,15.20855023
20,2,6,30,78,78,Piper hispidum,Inga sinacae,,,,,,LOW,LOW-,93,,,,,,,,,103,90,84,110,97,96.8,10.28105053
20,2,7,31,90,90,Ficus yoponensis,Cojoba arborea,,,,,,NOR,LOW-,168,,,,,,,,,120,117,147,116,113,122.6,13.86722755
20,2,8,0,84,84,Tabernaemontana alba,Inga sinacae,Cojoba arborea,,,,,LOW+,LOW-,89,,,,,,,,,None,None,None,None,None,None,None
20,3,9,0,94,95,Tabernaemontana donnel-smithii,,,,,,,LOW-,LOW-,111,,,,,,,,,None,None,None,None,None,None,None
20,3,10,27,90,92,Inga sinacae,Papaya carica,Papaya carica,,,,,LOW+,LOW,56,,,,,,,,,None,None,None,None,None,None,None
20,3,11,25,94,94,Tabernaemontana donnel-smithii,,,,,,,LOW,LOW-,82,,,,,,,,,134,151,143,132,134,138.8,8.043631021
20,3,12,28,91,95,Papaya carica,Papaya carica,Cojoba arborea,Cecropia obtusifolia,,,,LOW,LOW-,143,,,,,,,,,164,144,116,144,105,134.6,23.78655082
20,4,13,5,90,90,Cojoba arborea,,,,,,,LOW,LOW-,83,,,,,,,,,70,64,64,48,61,61.4,8.173126697
20,4,14,25,91,91,Tabernaemontana donnel-smithii,Tabernaemontana donnel-smithii,Cojoba arborea,,,,,LOW-,LOW-,76,,,,,,,,,73,83,93,80,105,86.8,12.4579292
20,4,15,5,94,94,Inga sinacae,Ficus yoponensis,,,,,,LOW,LOW-,99,,,,,,,,,60,52,40,29,23,40.8,15.4175225
20,4,16,43,89,89,Ficus yoponensis,Tabernaemontana alba,Cecropia obtusifolia,,,,,NOR,LOW-,169,,,,,,,,,110,124,116,124,118,118.4,5.899152482
19,1,1,53,88,88,Conostegia xalapensis,Vachellia cornigera,Vine,,,,,LOW,LOW-,11,,,,,,,,,112,89,78,113,10,80.4,42.12244058
19,1,2,39,63,64,Conostegia xalapensis,,,,,,,LOW,LOW,74,,,,,,,,,157,145,153,167,157,155.8,7.949842766
19,1,3,38,0,0,None,,,,,,,NOR,LOW,46,,,,,,,,,161,185,170,148,155,163.8,14.34224529
19,1,4,22,92,93,Conostegia xalapensis,Vine,Cecropia obtusifolia,,,,,NOR-,LOW-,138,,,,,,,,,115,137,91,117,125,117,16.91153453
19,2,5,27,78,72,Bursera simaruba,Alchornea latifolia,,,,,,LOW,LOW,82,,,,,,,,,104,90,82,84,88,89.6,8.648699324
19,2,6,27,86,89,Conostegia xalapensis,,,,,,,LOW,LOW-,50,,,,,,,,,194,197,168,174,175,181.6,13.01153335
19,2,7,35,91,89,Heliocarpus appendiculata,Bursera simaruba,,,,,,LOW,LOW-,52,,,,,,,,,127,140,163,100,143,134.6,23.24435415
19,2,8,16,90,90,Conostegia xalapensis,Psidium guajava,,,,,,LOW,LOW-,57,,,,,,,,,64,83,103,126,42,83.6,32.74599212
19,3,9,30,89,89,Heliocarpus appendiculata,,,,,,,LOW,LOW,141,,,,,,,,,130,116,134,104,109,118.6,13.0307329
19,3,10,19,92,90,Conostegia xalapensis,Conostegia xalapensis,Heliocarpus appendiculata,,,,,LOW,LOW,27,,,,,,,,,141,142,104,111,150,129.6,20.62280291
19,3,11,25,77,77,Conostegia xalapensis,Gliricidia sepium,Cecropia obtusifolia,,,,,LOW,LOW-,4,,,,,,,,,90,103,106,124,132,111,16.88194302
19,3,12,23,82,82,Heliocarpus appendiculata,Vine,,,,,,LOW,LOW-,99,,,,,,,,,160,134,130,175,176,155,21.97726098
19,4,13,15,85,86,Vine,,,,,,,LOW,LOW-,121,,,,,,,,,104,87,97,76,66,86,15.3785565
19,4,14,0,92,94,Bursera simaruba,Vine,Gliricidia sepium,,,,,LOW-,LOW-,0,,,,,,,,,None,None,None,None,None,None,None
19,4,15,22,84,87,Cordia alliodora,,,,,,,LOW,LOW-,168,,,,,,,,,128,97,110,147,138,124,20.40833163
19,4,16,28,93,94,Vine,Heliocarpus appendiculata,,,,,,LOW-,LOW-,138,,,,,,,,,90,93,99,73,87,88.4,9.68504001
18,1,1,25,74,68,Ochroma pyramidale,Albizia purpusii,,,,,,LOW,LOW-,19,,,,,,,,,147,175,135,170,155,156.4,16.42558979
18,1,2,34,87,85,Cecropia obtusifolia,Cecropia obtusifolia,Heliocarpus appendiculata,,,,,LOW,LOW-,41,,,,,,,,,123,114,107,145,124,122.6,14.32829369
18,1,3,14,91,89,Ochroma pyramidale,Heliocarpus appendiculata,,,,,,LOW-,LOW-,78,,,,,,,,,83,66,96,104,100,89.8,15.46609194
18,1,4,26,89,92,Tabernaemontana alba,Heliocarpus appendiculata,,,,,,LOW,LOW-,73,,,,,,,,,146,142,140,138,143,141.8,3.033150178
18,2,5,15,92,92,Alchornea latifolia,Tabernaemontana alba,Vine,Heliocarpus appendiculata,,,,LOW,LOW,161,,,,,,,,,104,123,103,76,81,97.4,19.08664455
18,2,6,23,86,85,Vine,Heliocarpus appendiculata,Cecropia obtusifolia,,,,,LOW,LOW-,146,,,,,,,,,152,153,127,140,155,145.4,11.8448301
18,2,7,1,92,90,Cecropia obtusifolia,Bursera simaruba,Ochroma pyramidale,Tabernaemontana alba,,,,LOW,LOW-,48,,,,,,,,,49,None,None,None,None,49,NA
18,2,8,9,93,91,Hampea nutricia,Hampea nutricia,?27,Vochysia guatemalensis,,,,LOW,LOW-,73,,,,,,,,,98,73,90,79,63,80.6,13.7949266
18,3,9,15,94,94,Vine,Heliocarpus appendiculata,Heliocarpus appendiculata,Cecropia obtusifolia,,,,LOW-,LOW-,22,,,,,,,,,105,117,127,145,110,120.8,15.8492902
18,3,10,7,94,94,Bursera simaruba,Tabernaemontana alba,Hampea nutricia,Heliocarpus appendiculata,,,,LOW-,LOW-,85,,,,,,,,,52,41,62,43,39,47.4,9.555103348
18,3,11,18,NA,NA,Hampea nutricia,Bursera simaruba,,,,,,LOW-,LOW-,50,,,,,,,,,185,201,166,184,150,177.2,19.61377067
18,3,12,31,85,78,Hampea nutricia,Heliocarpus appendiculata,Gliricidia sepium,,,,,LOW-,LOW-,30,,,,,,,,,135,123,162,177,156,150.6,21.57081361
18,4,13,47,90,87,Heliocarpus appendiculata,Tabernaemontana alba,Ceiba pentandra,Heliocarpus appendiculata,,,,LOW-,LOW-,82,,,,,,,,,158,141,157,170,134,152,14.40486029
18,4,14,35,91,93,Cecropia obtusifolia,Tabernaemontana alba,Heliocarpus appendiculata,,,,,LOW-,LOW-,153,,,,,,,,,145,149,162,157,142,151,8.336666
18,4,15,21,88,87,Heliocarpus appendiculata,Heliocarpus appendiculata,,,,,,LOW-,LOW-,76,,,,,,,,,197,191,168,160,140,171.2,23.27444951
18,4,16,29,88,86,Heliocarpus appendiculata,Heliocarpus appendiculata,Cecropia obtusifolia,,,,,LOW-,LOW-,35,,,,,,,,,179,176,174,153,156,167.6,12.13672114
17,1,1,64,81,83,Psidium guajava,Gliricidia sepium,Gliricidia sepium,Tabernaemontana alba,Heliocarpus appendiculata,,,LOW,LOW-,25,,,,,,,,,172,207,188,186,201,190.8,13.70036496
17,1,2,21,93,90,Ochroma pyramidale,Bursera simaruba,,,,,,LOW,LOW-,87,,,,,,,,,100,94,69,88,99,90,12.66885946
17,1,3,13,88,88,Ochroma pyramidale,Bursera simaruba,,,,,,LOW-,LOW-,127,,,,,,,,,86,110,112,70,69,89.4,20.85185843
17,1,4,44,89,91,Gliricidia sepium,Gliricidia sepium,Gliricidia sepium,Gliricidia sepium,,,,LOW-,LOW-,16,,,,,,,,,173,159,129,163,156,156,16.40121947
17,2,5,38,58,58,Bursera simaruba,Heliocarpus appendiculata,,,,,,LOW,LOW-,73,,,,,,,,,207,200,168,213,207,199,17.93042108
17,2,6,26,31,21,Bursera simaruba,Bursera simaruba,,,,,,NOR,LOW-,100,,,,,,,,,21,213,190,210,202,167.2,82.21131309
17,2,7,31,84,84,Gliricidia sepium,Gliricidia sepium,Conostegia xalapensis,Eupatorium galeotii,Bursera simaruba,,,LOW,LOW-,12,,,,,,,,,148,126,118,104,111,121.4,16.96466917
17,2,8,43,67,71,Heliocarpus appendiculata,,,,,,,LOW,LOW-,151,,,,,,,,,201,198,196,173,208,195.2,13.21741276
17,3,9,29,93,94,Bursera simaruba,Bursera simaruba,Bursera simaruba,Alchornea latifolia,Hampea nutricia,,,LOW-,LOW-,150,,,,,,,,,110,75,111,103,119,103.6,16.96466917
17,3,10,39,89,92,Hampea nutricia,Vine,,,,,,LOW,LOW-,123,,,,,,,,,73,84,96,92,67,82.4,12.3004065
17,3,11,32,92,88,Eupatorium galeotii,Bursera simaruba,Alchornea latifolia,,,,,LOW,LOW-,164,,,,,,,,,110,131,112,106,100,111.8,11.67047557
17,3,12,19,92,92,Tabernaemontana alba,Conostegia xalapensis,Bursera simaruba,,,,,LOW,LOW-,81,,,,,,,,,67,62,58,50,66,60.6,6.913754407
17,4,13,63,92,20,Cecropia obtusifolia,,,,,,,NOR-,LOW-,122,,,,,,,,,169,183,155,177,203,177.4,17.74260409
17,4,14,70,22,93,Bursera simaruba,Tabernaemontana alba,Tabernaemontana alba,Hampea nutricia,,,,LOW,LOW-,12,,,,5,,,,,146,116,90,98,150,120,27.27636339
17,4,15,25,93,86,Tabernaemontana alba,Vine,Heliocarpus appendiculata,,,,,LOW,LOW-,22,,,,,,,,,144,161,147,161,139,150.4,10.0895986
17,4,16,45,83,17,Cecropia obtusifolia,Cecropia obtusifolia,,,,,,LOW-,LOW-,109,,,,,,,,,194,183,192,165,165,179.8,14.13152504
16,1,1,0,93,94,Amphitecna tuxtlensis,Nectandra ambigens,Inga sinacae,Cecropia obtusifolia,,,,NONE,NONE,46,,,,,,,,,None,None,None,None,None,None,None
16,1,2,10,94,93,Piper hispidum,?30,Cecropia obtusifolia,,,,,LOW-,LOW-,102,,,,,,,,,71,80,71,97,70,77.8,11.47606204
16,1,3,0,92,91,Alchornea latifolia,Ficus yoponensis,Cecropia obtusifolia,,,,,NONE,NONE,72,,,,,,,,,None,None,None,None,None,None,None
16,1,4,3,94,93,Cojoba arborea,Cecropia obtusifolia,Vine,,,,,LOW-,LOW-,146,,,,,,,,,59,50,43,None,None,50.66666667,8.020806277
16,2,5,0,92,91,Bursera simaruba,Tabernaemontana alba,,,,,,NONE,NONE,3,,,,,,,,,None,None,None,None,None,None,None
16,2,6,11,92,94,Alchornea latifolia,Cecropia obtusifolia,Vine,Ficus yoponensis,,,,LOW-,LOW-,112,,,,,,,,,87,81,144,128,127,113.4,27.75427895
16,2,7,7,87,93,Nectandra ambigens,Cojoba arborea,Ficus yoponensis,Amphitecna tuxtlensis,,,,LOW,LOW-,114,,,,,,95,91,,90,74,90,98,79,86.2,9.602083107
16,2,8,17,90,89,Cojoba arborea,Ficus yoponensis,Amphitecna tuxtlensis,,,,,LOW,LOW-,115,,,,,,,,,92,84,58,56,57,69.4,17.22788437
16,3,9,7,90,91,Maytenus purpusii,Cojoba arborea,Maytenus purpusii,,,,,LOW+,LOW-,47,,,,,,,,,86,100,74,56,55,74.2,19.39587585
16,3,10,1,93,93,Cecropia obtusifolia,Cojoba arborea,Maytenus purpusii,,,,,LOW,LOW-,46,,,,,,,,3,40,None,None,None,None,40,#DIV/0!
16,3,11,0,92,92,Conostegia xalapensis,Ficus yoponensis,Cecropia obtusifolia,,,,,NONE,NONE,84,,,,,,,,2,None,None,None,None,None,None,None
16,3,12,22,84,93,Bursera simaruba,Heliocarpus donnel-smithii,Psidium guajava,Inga sinacae,Citrus sp.,,,LOW,LOW-,107,,,,,,,,,79,80,71,101,81,82.4,11.12654484
16,4,13,44,85,86,Cecropia obtusifolia,Ficus yoponensis,Bursera simaruba,,,,,LOW,LOW-,155,,,,,,,,,73,98,83,132,124,102,25.50490149
16,4,14,23,93,94,Amphitecna tuxtlensis,Inga sinacae,Cecropia obtusifolia,,,,,LOW,LOW-,33,,,,,,,,,98,73,109,143,90,102.6,26.12087288
16,4,15,15,90,91,Piper hispidum,Inga sinacae,Inga sinacae,Cecropia obtusifolia,Cojoba arborea,,,LOW,LOW-,46,,,,,,,,,97,75,66,58,41,67.4,20.74367373
16,4,16,13,96,94,Piper hispidum,Cojoba arborea,,,,,,LOW,LOW-,102,,,,,,,,,76,80,69,51,64,68,11.33578405
15,1,1,40,67,61,Heliocarpus donnel-smithii,,,,,,,LOW,LOW-,154,,,,,,,,,205,193,218,212,250,215.6,21.36117974
15,1,2,68,18,19,Heliocarpus donnel-smithii,Gliricidia sepium,,,,,,NOR-,LOW-,44,,,,,,,,,186,201,186,180,185,187.6,7.893034904
15,1,3,84,29,8,Heliocarpus donnel-smithii,,,,,,,NOR-,LOW,145,,,,,,,,,188,180,178,182,179,181.4,3.974921383
15,1,4,96,59,59,Gliricidia sepium,Gliricidia sepium,,,,,,NOR,LOW-,34,,,,,,,,,197,183,183,209,203,195,11.74734012
15,2,5,41,10,10,Vachellia cornigera,Heliocarpus donnel-smithii,,,,,,NOR,LOW-,124,,,50,,,,,,150,186,145,150,165,159.2,16.75410397
15,2,6,66,93,87,Alchornea latifolia,Piper hispidum,Gliricidia sepium,Cecropia obtusifolia,,,,LOW,LOW-,10,,,,,,,,,106,97,143,142,166,130.8,28.59545418
15,2,7,17,59,56,Tabernaemontana alba,Vine,,,,,,NOR,LOW+,102,,,90,,,,,,143,139,118,123,127,130,10.63014581
15,2,8,17,89,89,Hampea nutricia,Tabernaemontana alba,Heliocarpus donnel-smithii,,,,,LOW,LOW-,46,,,,,,,,,83,76,64,138,94,91,28.44292531
15,3,9,31,90,89,Hampea nutricia,Heliocarpus donnel-smithii,,,,,,LOW+,LOW-,122,,,,,,,,,137,167,177,115,81,135.4,39.07428822
15,3,10,43,80,81,Heliocarpus appendiculata,,,,,,,LOW,LOW-,81,,,,,,,,,183,156,125,158,180,160.4,23.30879662
15,3,11,21,90,90,Hampea nutricia,Hampea nutricia,Trema micrantha,,,,,LOW-,LOW-,63,,,,,,,,,112,108,65,120,114,103.8,22.11786608
15,3,12,47,77,77,Hampea nutricia,Cecropia obtusifolia,,,,,,LOW,LOW-,134,,,,,,,,,177,173,154,155,176,167,11.51086443
15,4,13,30,32,32,Xanthosoma robustum,,,,,,,LOW+,LOW-,5,,,50,,,,,,133,132,120,108,95,117.6,16.2265215
15,4,14,53,0,0,None,,,,,,,LOW+,LOW-,117,,,30,,,,,,168,188,193,214,198,192.2,16.67932852
15,4,15,24,7,7,Cecropia obtusifolia,,,,,,,LOW+,LOW,58,,,30,,,,,,176,182,186,170,204,183.6,12.91510743
15,4,16,36,24,24,Conostegia xalapensis,Vine,Cecropia obtusifolia,,,,,LOW,LOW,56,,,60,,,,,,178,173,156,143,169,163.8,14.20211252
14,1,1,18,92,93,Ficus yoponensis,Alchornea latifolia,,,,,,LOW-,LOW-,23,,,,,,,,,81,92,68,85,76,80.4,9.071934744
14,1,2,18,80,89,Bursera simaruba,Ficus yoponensis,Ficus yoponensis,Inga sinacae,,,,LOW,LOW-,87,,,,,,,,,122,138,156,136,136,137.6,12.11610498
14,1,3,40,92,90,Hampea nutricia,Cecropia obtusifolia,,,,,,LOW,LOW-,168,,,,,,,,,157,166,155,132,111,144.2,22.39866067
14,1,4,17,90,92,Cojoba arborea,Inga sinacae,Ficus yoponensis,Piper hispidum,,,,LOW-,LOW-,82,,,,,,,,,111,127,134,61,67,100,33.9705755
14,2,5,28,90,92,Inga sinacae,Ficus yoponensis,,,,,,LOW-,LOW-,60,,,,,,,,,77,78,73,53,43,64.8,15.8492902
14,2,6,33,92,92,Tabernaemontana alba,Inga sinacae,Ficus yoponensis,,,,,LOW,LOW-,6,,,,,,,,,128,82,62,108,107,97.4,25.64761197
14,2,7,49,85,92,Ficus yoponensis,Cojoba arborea,Vine,Cecropia obtusifolia,,,,NOR,LOW-,105,,,,,,,,,122,140,106,96,70,106.8,26.48018127
14,2,8,10,95,96,Inga sinacae,,,,,,,LOW,LOW-,71,,,,,,,,7,61,57,52,40,42,50.4,9.181503145
14,3,9,57,92,92,Piper hispidum,Gliricidia sepium,Cecropia obtusifolia,,,,,LOW+,LOW-,13,,,,,,,,,118,87,117,110,93,105,14.19506957
14,3,10,10,94,96,Inga sinacae,,,,,,,LOW,LOW-,125,,,,,,,,,85,74,78,49,42,65.6,18.92881401
14,3,11,33,91,90,Inga sinacae,Inga sinacae,,,,,,LOW,LOW-,97,,,,,,,,,78,68,60,53,53,62.4,10.69111781
14,3,12,44,90,86,Eupatorium galeotti,Inga sinacae,Bursera simaruba,,,,,LOW,LOW-,49,,,,,,,,,154,144,180,164,161,160.6,13.29661611
14,4,13,40,92,91,Tabernaemontana alba,,,,,,,LOW,LOW-,113,,,,,,,,,151,125,133,158,150,143.4,13.7949266
14,4,14,60,69,69,Ficus yoponensis,Cecropia obtusifolia,Cecropia obtusifolia,Cojoba arborea,,,,LOW,LOW-,88,,,,,,,,,191,168,209,206,174,189.6,18.42009772
14,4,15,65,88,92,Ficus yoponensis,,,,,,,NOR,LOW-,18,,,,,,,,,158,167,154,165,170,162.8,6.610597552
14,4,16,59,91,94,Eupatorium galeotti,,,,,,,LOW-,LOW-,54,,,,,,,,,162,160,143,142,148,151,9.433981132
13,1,1,0,91,90,Ochroma pyramidale,Ceiba pentandra,Heliocarpus appendiculata,Cordia megalantha,,,,LOW-,LOW-,87,,,,,,,,,None,None,None,None,None,None,None
13,1,2,0,90,2,Piper hispidum,Alchornea latifolia,Cedrela odorata,Albizia purpusii,,,,None,None,142,,,,,,,,,None,None,None,None,None,None,None
13,1,3,0,90,88,Bursera simaruba,Cordia megalantha,Alchornea latifolia,Heliocarpus appendiculata,,,,None,None,164,,,,,,,,,None,None,None,None,None,None,None
13,1,4,0,90,89,Vochysia guatemalensis,Bursera simaruba,Eupatorium galeotti,Lonchocarpus guatemalensis,,,,None,None,87,,,,,,,,,None,None,None,None,None,None,None
13,2,5,0,91,88,Alchornea latifolia,Heliocarpus appendiculata,Ceiba pentandra,,,,,None,None,87,,,,,,,,,None,None,None,None,None,None,None
13,2,6,0,84,85,Ceiba pentandra,Tabernaemontana donnel-smithii,Ochroma pyramidale,Cordia megalantha,,,,None,None,142,,,,,,,,,None,None,None,None,None,None,None
13,2,7,0,91,93,Bursera simaruba,Bursera simaruba,Ochroma pyramidale,Ceiba pentandra,Lonchocarpus guatemalensis,,,None,None,164,,,,,,,,,None,None,None,None,None,None,None
13,2,8,0,87,90,Hampea nutricia,Hampea nutricia,Lonchocarpus guatemalensis,Heliocarpus appendiculata,,,,None,None,18,,,,,,,,,None,None,None,None,None,None,None
13,3,9,23,92,92,Platymiscium pinnatum,Vochysia guatemalensis,Cecropia obtusifolia,Ceiba pentandra,,,,LOW,LOW-,56,,,,,,,,,113,77,74,73,93,86,17.11724277
13,3,10,0,87,88,Tabernaemontana alba,Vochysia guatemalensis,Albizia purpusii,Cecropia obtusifolia,,,,None,None,152,,,,,,,,,None,None,None,None,None,None,None
13,3,11,38,88,81,Conostegia xalapensis,Sapium nitidum,Heliocarpus appendiculata,,,,,LOW,LOW-,144,,,,,,,,,101,100,89,92,76,91.6,10.11434625
13,3,12,2,92,91,Alchornea latifolia,Tabernaemontana alba,Piper auritum,Platymiscium pinnatum,,,,LOW-,LOW-,134,,,,,,,,11,74,70,None,None,None,72,2.828427125
13,4,13,0,92,93,Ochroma pyramidale,Cordia megalantha,Alchornea latifolia,,,,,None,None,44,,,,,,,,,None,None,None,None,None,None,None
13,4,14,0,87,92,Hampea nutricia,Ceiba pentandra,Lonchocarpus guatemalensis,,,,,None,None,91,,,,,,,,,None,None,None,None,None,None,None
13,4,15,7,91,92,Tabernaemontana alba,Bursera simaruba,Lonchocarpus guatemalensis,,,,,LOW-,LOW-,51,,,,,,,,,82,93,80,46,40,68.2,23.62625658
13,4,16,19,92,92,Tabernaemontana alba,Ceiba pentandra,Alchornea latifolia,,,,,LOW-,LOW-,99,,,,,,,,,79,72,57,73,62,68.6,8.905054744
12,1,1,29,90,93,Alchornea latifolia,Ochroma pyramidale,Cecropia obtusifolia,Bursera simaruba,,,,LOW,LOW-,37,,,,,,,,,128,124,116,113,141,124.4,11.05893304
12,1,2,18,87,89,Ficus yoponensis,Heliocarpus donnel-smithii,Cecropia obtusifolia,,,,,LOW,LOW-,141,,,,,,,,,125,112,100,59,89,97,25.12966375
12,1,3,43,89,84,Ficus yoponensis,Cecropia obtusifolia,,,,,,LOW,LOW-,101,,,,,,,,,102,157,111,130,76,115.2,30.39243327
12,1,4,18,93,95,Cojoba arborea,Inga sinacae,,,,,,LOW-,LOW-,72,,,,,,,,,86,75,60,82,71,74.8,10.13410085
12,2,5,43,88,89,Ficus yoponensis,Ficus yoponensis,Cecropia obtusifolia,,,,,LOW-,LOW-,126,,,,,,,,,129,122,121,109,92,114.6,14.5361618
12,2,6,23,90,88,Tabernaemontana donnel-smithii,Ficus yoponensis,Ficus yoponensis,,,,,LOW,LOW-,45,,,,,,,,,119,152,112,143,107,126.6,19.80656457
12,2,7,32,91,85,Ficus yoponensis,Ficus yoponensis,Cojoba arborea,,,,,LOW,LOW-,87,,,,,,,,,96,122,103,89,83,98.6,15.07647174
12,2,8,7,91,92,Tabernaemontana alba,Cojoba arborea,Ficus yoponensis,Cecropia obtusifolia,,,,LOW,LOW-,129,,,,,,,,,55,47,40,44,40,45.2,6.220932406
12,3,9,27,87,83,Ficus yoponensis,Inga sinacae,Cojoba arborea,,,,,LOW,LOW-,61,,,,,,,,,70,67,58,77,76,69.6,7.700649323
12,3,10,54,93,93,Conostegia xalapensis,Bursera simaruba,,,,,,LOW+,LOW-,147,,,,,,,,,163,138,131,173,129,146.8,19.95494926
12,3,11,54,67,78,Inga sinacae,Bursera simaruba,,,,,,NA,NA,120,,,,,,,,,148,126,162,174,170,156,19.49358869
12,3,12,28,93,90,Conostegia xalapensis,Bursera simaruba,,,,,,LOW+,LOW-,146,,,,,,,,,165,152,170,200,144,166.2,21.52208168
12,4,13,35,88,87,Tabernaemontana alba,Ficus yoponensis,,,,,,LOW-,LOW-,126,,,,,,,,13,78,65,42,80,92,71.4,19.02104098
12,4,14,30,90,92,Cojoba arborea,Ficus yoponensis,,,,,,LOW,LOW-,162,,,,,,,,,84,70,85,66,69,74.8,8.983317873
12,4,15,13,92,85,Cojoba arborea,Ficus yoponensis,,,,,,LOW-,LOW-,71,,,,,,,,,89,71,77,68,78,76.6,8.08084154
12,4,16,22,93,90,Papaya carica,Bursera simaruba,Bursera simaruba,Bursera simaruba,Alchornea latifolia,,,LOW-,LOW-,16,,,,,,,,,123,142,127,127,129,129.6,7.26636085
11,1,1,31,94,94,Cecropia obtusifolia,Ceiba pentandra,Conostegia xalapensis,Bursera simaruba,Gliricidia sepium,,,LOW-,LOW-,24,,,,,,,,,131,118,136,126,122,126.6,7.127411872
11,1,2,0,90,90,Tabernaemontana alba,Vochysia guatemalensis,Platymiscium pinnatum,,,,,None,None,96,,,,,,,,,None,None,None,None,None,None,None
11,1,3,59,89,91,Conostegia xalapensis,Alchornea latifolia,Ceiba pentandra,Ceiba pentandra,,,,LOW-,LOW-,8,,,,,,,,,126,123,135,122,120,125.2,5.89067059
11,1,4,0,84,84,Tabernaemontana alba,Tabernaemontana alba,Hampea nutricia,Heliocarpus appendiculata,,,,None,None,152,,,,,,,,,None,None,None,None,None,None,None
11,2,5,0,91,87,Ochroma pyramidale,Cecropia obtusifolia,Albizia purpusii,Vochysia guatemalensis,Pleuranthodendron lindendii,,,None,None,37,,,,,,,,,None,None,None,None,None,None,None
11,2,6,0,88,92,Vochysia guatemalensis,Platymiscium pinnatum,Ochroma pyramidale,Cecropia obtusifolia,Piper amalago,Pleuranthodendron lindenii,,None,None,59,,,,,,,,,None,None,None,None,None,None,None
11,2,7,9,89,90,Ceiba pentandra,Tabernaemontana alba,Alchornea latifolia,Heliocarpus appendiculata,,,,LOW-,LOW-,141,,,,,,,,,109,106,111,93,110,105.8,7.395944835
11,2,8,0,92,90,Ceiba pentandra,Albizia purpusii,Vochysia guatemalensis,,,,,None,None,108,,,,,,,,,None,None,None,None,None,None,None
11,3,9,19,90,89,Tabernaemontana alba,Tabernaemontana alba,Heliocarpus appendiculata,,,,,LOW-,LOW-,75,,,,,,,,,73,96,94,97,68,85.6,13.93915349
11,3,10,22,88,90,Pleuranthondendron lindenii,Heliocarpus appendiculata,Platymiscium pinnatum,,,,,LOW-,LOW-,90,,,,,,,,,100,103,81,87,89,92,9.219544457
11,3,11,94,83,84,Tabernaemontana alba,Tabernaemontana alba,,,,,,LOW-,LOW-,14,,,,,,,,,100,106,99,116,104,105,6.782329983
11,3,12,17,88,83,Psidium guajava,Eupatorium galeotti,Heliocarpus appendiculata,,,,,LOW-,LOW-,83,,,,,,,,,72,99,126,131,129,111.4,25.55973396
11,4,13,31,83,87,Heliocarpus appendiculata,,,,,,,LOW-,LOW-,159,,,,,,,,,141,99,112,123,111,117.2,15.78606981
11,4,14,16,91,87,Psidium guajava,Psidium guajava,Heliocarpus appendiculata,,,,,LOW-,LOW-,109,,,,,,,,,110,129,111,127,65,108.4,25.80310059
11,4,15,21,94,90,Platymiscium pinnatum,Bursera simaruba,SAPA,,,,,LOW,LOW-,139,,3,,,,,,,95,86,93,66,65,81,14.54303957
11,4,16,18,85,84,Ceiba pentandra,Heliocarpus appendiculata,,,,,,LOW-,LOW-,70,,,,,,,,,142,124,163,91,93,122.6,31.16568626
10,1,1,6,90,91,Cecropia obtusifolia,Cestrum racemosum,Vine,Tabernaemontana alba,Cestrum racemosum,,,LOW,LOW-,123,,,,,,,,,96,93,75,82,67,82.6,12.13672114
10,1,2,0,88,91,Cestrum raceomsum,Cecropia obtusifolia,Alchornea latifolia,Bursera simaruba,,,,LOW+,LOW-,140,,,,,,,,,None,None,None,None,None,None,None
10,1,3,0,92,88,Cecropia obtusifolia,Cestrum racemosum,Vine,,,,,NONE,NONE,63,,,,,,,,,None,None,None,None,None,None,None
10,1,4,8,89,86,Alchornea latifolia,Piper amalago,Vine,,,,,NONE,NONE,96,,,20,,,,,,113,169,146,162,153,148.6,21.7324642
10,2,5,0,82,89,Conostegia xalapensis,Vine,,,,,,LOW+,LOW,2,,,60,,,,,,None,None,None,None,None,None,None
10,2,6,16,93,91,Cestrum racemosum,,,,,,,NONE,NONE,85,,,,,,,,,165,158,126,113,178,148,27.37699764
10,2,7,16,89,85,Cecropia obtusifolia,Piper hispidum,,,,,,NONE,NONE,156,,,,,,,,,95,107,104,81,70,91.4,15.66205606
10,2,8,41,92,92,Hampea nutricia,Trema micrantha,,,,,,NONE,NONE,98,,,,,,,,,142,157,98,156,135,137.6,24.02706807
10,3,9,0,8,8,Heliocarpus appendiculata,,,,,,,NONE,NONE,51,,,,100,,,,,None,None,None,None,None,None,None
10,3,10,0,90,87,Tabernaemontana alba,Sapium nitidum,Bursera simaruba,Heliocarpus appendiculata,,,,NONE,NONE,100,,,20,,,,,,None,None,None,None,None,None,None
10,3,11,0,90,93,Cestrum racesmosum,Heliocarpus appendiculata,,,,,,NONE,NONE,46,,,,15,,,,,None,None,None,None,None,None,None
10,3,12,0,25,24,Heliocarpus appendiculata,,,,,,,NONE,NONE,50,,,,100,,,,,None,None,None,None,None,None,None
10,4,13,0,87,86,Conostegia xalapensis,,,,,,,NONE,NONE,33,,,10,,,,,,None,None,None,None,None,None,None
10,4,14,0,5,3,Bursera simaruba,,,,,,,NONE,NONE,96,,,,100,,,,,None,None,None,None,None,None,None
10,4,15,5,83,81,Vine,Conostegia xalapensis,,,,,,LOW,LOW-,28,,,,,,,,,109,92,97,49,97,88.8,23.11276703
10,4,16,0,33,48,Bursera simaruba,Citrus sp.,,,,,,NONE,NONE,137,,,,100,,,,,None,None,None,None,None,None,None
9,1,1,20,87,82,Cordia megalantha,Vine,Heliocarpus appendiculata,Albizia purpusii,,,,LOW-,LOW-,125,,,,,,,,,125,153,123,141,152,138.8,14.32480366
9,1,2,36,93,90,Citrus sp.,Aspidosperma megalocarpon,,,,,,LOW,LOW-,116,,,,,,,,,130,142,125,131,81,121.8,23.63683566
9,1,3,34,94,94,Conostegia xalapensis,Ceiba pentandra,Ceiba pentandra,,,,,LOW,LOW-,37,,,,,,,,,174,55,70,85,155,107.8,53.26067968
9,1,4,46,87,86,?40,Vochysia guatemalensis,Cedrela odorata,,,,,LOW,LOW-,167,,,,,,,,,154,147,136,126,155,143.6,12.42175511
9,2,5,67,92,91,Handroanthus chrysanthus,Platymiscium pinnatum,,,,,,LOW,LOW-,80,,,,,,,,,188,162,131,133,126,148,26.42915057
9,2,6,61,91,90,Platymiscium pinnatum,Vochysia guatemalensis,,,,,,LOW,LOW-,49,,,,,,,,,99,140,158,130,157,136.8,24.20123964
9,2,7,36,77,87,Ceiba pentandra,Platymiscium pinnatum,,,,,,LOW,LOW-,120,,,,,,,,,127,124,142,127,104,124.8,13.59043781
9,2,8,29,84,86,Cedrela odorata,Albizia purpusii,Ceiba pentandra,,,,,LOW,LOW-,147,,,,,,,,,179,174,165,118,143,155.8,25.23291501
9,3,9,12,87,88,Platymiscium pinnatum,,,,,,,LOW-,LOW-,96,,,,,,,,,66,69,66,74,76,70.2,4.604345773
9,3,10,78,33,21,Platymiscium pinnatum,Vine,Conostegia xalapensis,,,,,LOW+,LOW-,51,,,,,,,,,192,229,166,190,144,184.2,31.81509076
9,3,11,40,87,87,Albizia purpusii,Platymiscium pinnatum,Heliocarpus appendiculata,Cecropia obtusifolia,,,,LOW+,LOW-,135,,,,,,,,,162,77,128,122,92,116.2,33.13910077
9,3,12,44,94,94,Cordia alliodora,Heliocarpus appendiculata,Platymiscium pinnatum,,,,,NOR-,LOW-,72,,,,,,,,,177,124,149,155,149,150.8,18.89973545
9,4,13,46,93,93,Pleuranthodendron lindenii,Albizia purpusii,Aspidosperma megalocarpon,Tabernaemontana alba,Tabernaemontana alba,,,LOW,LOW-,99,,,,,,,,,102,125,95,86,132,108,19.71040334
9,4,14,35,95,93,Lonchocarpus guatemalensis,Vochysia guatemalensis,,,,,,NOR,LOW-,49,,,,,,,,,82,125,97,108,97,101.8,15.92796283
9,4,15,40,83,86,Hampea nutricia,Hampea nutricia,Ceiba pentandra,,,,,LOW+,LOW-,106,,,,,,,,,123,127,140,124,89,120.6,18.92881401
9,4,16,33,88,88,Lonchocarpus guatemalensis,,,,,,,LOW-,LOW-,38,,,,,,,,,90,88,95,94,70,87.4,10.13903348
8,1,1,6,81,79,Xanthosoma robusta,Cecropia obtusifolia,Gliricidia sepium,,,,,LOW,LOW,161,,,,,,83,83,,76,81,79,70,63,73.8,7.328028384
8,1,2,5,81,66,Xanthosoma robusta,Heliocarpus appendiculata,Heliocarpus donnel-smithii,,,,,NOR,LOW,114,,,,,,,,,185,177,169,175,157,172.6,10.43072385
8,1,3,30,87,89,Alchornea latifolia,Heliocarpus appendiculata,,,,,,LOW,LOW-,52,,,,,,,,,77,9,87,84,99,71.2,35.66791275
8,1,4,32,68,68,Heliocarpus donnel-smithii,Cecropia obtusifolia,,,,,,LOW,LOW-,138,,,,,,,,,144,151,154,152,196,159.4,20.8038458
8,2,5,63,43,45,Gliricidia sepium,Cecropia obtusifolia,,,,,,LOW,LOW-,51,,,,,,,,,192,212,151,186,195,187.2,22.42097233
8,2,6,100,12,4,Cecropia obtusifolia,,,,,,,LOW+,LOW-,84,,,,,,,,,188,191,198,174,200,190.2,10.30533842
8,2,7,70,3,6,Cecropia obtusifolia,,,,,,,LOW+,LOW-,58,,,,,,,,,223,194,172,181,195,193,19.30025907
8,2,8,42,1,5,Conostegia xalapensis,Vine,,,,,,LOW,LOW,93,,,,,,,,,187,211,233,199,169,199.8,24.19090738
8,3,9,19,91,90,Conostegia xalapensis,Gliricidia sepium,Philodendron radiatum,,,,,LOW-,LOW-,146,,,,,,,,,117,98,152,124,113,120.8,19.86705816
8,3,10,43,90,89,Heliocarpus appendiculata,Pleuranthodendron lindenii,,,,,,LOW,LOW-,127,,,,,15,,,,138,189,141,127,128,144.6,25.55973396
8,3,11,17,87,86,Alchornea latifolia,Heliocarpus appendiculata,,,,,,LOW,LOW-,129,,,,,15,,,,128,144,132,124,117,129,10.04987562
8,3,12,9,93,88,Tabernaemontana alba,Heliocarpus appendiculata,,,,,,LOW,LOW-,49,,,,,40,,,,88,97,97,88,83,90.6,6.188699379
8,4,13,47,88,91,Conostegia xalapensis,Cecropia obtusifolia,,,,,,LOW+,LOW-,33,,,,,,,,,138,167,142,145,144,147.2,11.38859078
8,4,14,32,82,80,Bursera simaruba,Vine,Cecropia obtusifolia,,,,,LOW,LOW-,44,,,,,,,,,189,164,150,181,185,173.8,16.36154027
8,4,15,12,86,88,Tabernaemontana alba,Vine,Ficus aurea,,,,,LOW-,LOW-,96,,,,,,,,,115,130,175,138,162,144,24.27962108
8,4,16,44,86,87,Citrus sp.,Bursera simaruba,,,,,,LOW,LOW-,91,,,,,,,,,148,134,138,156,152,145.6,9.316651759
7,1,1,0,86,83,Cestrum racemosum,Cestrum racemosum,Ficus yoponensis,Cecropia obtusifolia,,,,None,None,154,,,,,,,,,None,None,None,None,None,None,None
7,1,2,0,90,87,Cestrum racemosum,Cestrum racemosum,Hampea nutricia,Hampea nutricia,Cojoba arborea,Ficus yoponensis,,None,None,96,,,,,,,,,None,None,None,None,None,None,None
7,1,3,0,91,86,Cestrum racemosum,Inga sinacae,Hampea nutricia,Ficus yoponensis,Alchornea latifolia,,,None,None,31,,,,,,,,,None,None,None,None,None,None,None
7,1,4,0,92,89,Cestrum racemosum,Tabernaemontana donnel-smithii,Cojoba arborea,Ficus yoponensis,,,,LOW,LOW-,94,,,,,,,,,117,105,107,106,76,102.2,15.4175225
7,2,5,0,88,89,Ficus yoponensis,Ficus yoponensis,Cecropia obtusifolia,,,,,None,None,97,,,,,,,,,None,None,None,None,None,None,None
7,2,6,0,87,88,Ficus yoponensis,Cojoba arborea,Vine,,,,,None,None,74,,,,,,,,,None,None,None,None,None,None,None
7,2,7,0,77,67,Cecropia obtusifolia,Grass,,,,,,None,None,42,,,,100,,86,88,,None,None,None,None,None,None,None
7,2,8,0,92,92,Vine,Hampea nutricia,Cecropia obtusifolia,Ficus yoponensis,,,,LOW,LOW-,92,,,,,,,,,69,95,70,48,76,71.6,16.83151805
7,3,9,0,85,88,Bursera simaruba,Piper hispidum,Cojoba arborea,Ficus yoponensis,,,,None,None,88,,,,,,91,91,,None,None,None,None,None,None,None
7,3,10,0,88,85,Piper amalago,Ficus yoponensis,,,,,,None,None,96,,,,,,,,,None,None,None,None,None,None,None
7,3,11,0,84,83,Ficus yoponensis,Inga sinacae,Hampea nutricia,,,,,None,None,65,,,,,,,,,None,None,None,None,None,None,None
7,3,12,0,87,87,Cojoba arborea,Ficus yoponensis,Inga sinacae,,,,,None,None,101,,,,,,,,,None,None,None,None,None,None,None
7,4,13,0,84,90,Pleuranthodenron lindenii,Cestrum racemosum,Cestrum racemosum,Ficus yoponensis,Cojoba arborea,Tabernamontana donnel-smithii,,None,None,134,,,,,,,,,None,None,None,None,None,None,None
7,4,14,0,87,88,Pouteria sapota,Pleuranthodendron lindenii,Ficus yoponensis,,,,,None,None,32,,,,,,,,,None,None,None,None,None,None,None
7,4,15,7,91,86,Ocotea uxpanapana,Bursera simaruba,Cojoba arborea,Cecropia obtusifolia,,,,LOW-,LOW-,12,,,,5,,,,,None,None,None,None,None,None,None
7,4,16,0,89,82,Cojoba arborea,Inga sinacae,Amphitecna tuxtlensis,,,,,None,None,84,,,,,,,,,None,None,None,None,None,None,None
6,1,1,91,88,84,None,,,,,,,NA,NA,96,,,,,,,,,209,180,178,185,171,184.6,14.5361618
6,1,2,64,0,0,Eupatorium galeotti,Citrus sp.,,,,,,NA,NA,51,,,,,,,,,188,197,206,179,159,185.8,18.04716044
6,1,3,119,50,53,Hampea nutricia,,,,,,,NA,NA,16,,,,,,,,,148,150,152,105,148,140.6,19.96997747
6,1,4,67,21,8,Tabernaemontana alba,Citrus sp.,,,,,,NA,NA,69,,,,,,,,,166,200,180,158,187,178.2,16.67932852
6,2,5,25,81,80,Piper hispidum,,,,,,,NA,NA,54,,,,30,,,,,197,153,157,137,182,165.2,24.00416631
6,2,6,92,36,41,Inga nobilis,Annona mucosa,Vine,,,,,NA,NA,35,,,,,,,,,220,208,167,184,236,203,27.65863337
6,2,7,58,60,69,Cecropia obtusifolia,Piper hispidum,,,,,,NA,NA,147,,,,,,,,,220,223,188,198,202,206.2,14.90637448
6,2,8,48,76,83,Piper hispidum,Cecropia obtusifolia,,,,,,NA,NA,121,,,,,,,,,167,181,212,194,198,190.4,17.12600362
6,3,9,69,65,52,Conostegia xalapensis,Cecropia obtusifolia,,,,,,NA,NA,67,,,,,,,,,182,220,192,177,205,195.2,17.51285242
6,3,10,159,78,84,Conostegia xalapensis,Conostegia xalapensis,,,,,,NA,NA,105,,,,,,,,,168,178,160,194,87,157.4,41.34972793
6,3,11,97,1,7,Ficus aurea,,,,,,,NA,NA,113,,,,,,,,,193,176,163,184,171,177.4,11.58878768
6,3,12,71,32,36,Ficus aurea,,,,,,,NA,NA,48,,,,,,,,,195,208,201,179,204,197.4,11.32695899
6,4,13,84,7,17,Conostegia xalapensis,,,,,,,NA,NA,,,,,,,,,,153,167,163,168,194,169,15.18222645
6,4,14,30,51,57,Bursera simaruba,Conostegia xalapensis,,,,,,NA,NA,69,,,,,,,,,159,149,144,166,171,157.8,11.30044247
6,4,15,32,58,48,Conostegia xalapensis,Trema micrantha,,,,,,NA,NA,72,,,,,,,,,189,207,205,162,75,167.6,54.80693387
6,4,16,23,86,79,Piper hispidum,Pleuranthodendron lindenii,Vine,Dead trunk,,,,NA,NA,122,,,,,,,,4,83,44,44,97,74,68.4,23.73394194
5,1,1,0,89,89,Cordia alliodora,Tabernaemontana alba,Vochysia guatemalensis,,,,,None,None,86,,,,,,,,,None,None,None,None,None,None,None
5,1,2,4,90,81,Tabernaemontana alba,Vochysia guatemalensis,Vochysia guatemalensis,,,,,LOW-,LOW-,85,,,,,,,,,54,68,65,54,None,60.25,7.320063752
5,1,3,20,89,87,Platymiscium pinnatum,,,,,,,LOW,LOW-,30,,,,,,,,,44,56,90,85,63,67.6,19.47562579
5,1,4,5,93,87,Bursera simaruba,Bursera simaruba,Bursera simaruba,Vochysia guatemalensis,Vochysia guatemalensis,Platymiscium pinnatum,Vine,LOW-,LOW-,56,,,,,,,,,69,63,50,45,40,53.4,12.21883792
5,2,5,54,84,76,Vochysia guatemalensis,Heliocarpus appendiculata,,,,,,LOW-,LOW-,88,,,,,,,,,140,168,142,158,152,152,11.5758369
5,2,6,45,91,89,Conostegia xalapensis,Vochysia guatemalensis,,,,,,LOW,LOW-,128,,,,,,,,,173,146,154,142,169,156.8,13.73681186
5,2,7,32,89,91,Hampea nutricia,Hampea nutricia,Tabernaemontana alba,Cecropia obtusifolia,Platymiscium pinnatum,,,LOW-,LOW-,16,,,,,,,,,143,126,86,96,128,115.8,23.83694611
5,2,8,29,90,85,Conostegia xalapensis,Byrsonima crassifolia,Alchornea laitifolia,Heliocarpus appendiculata,Platymiscium pinnatum,,,LOW,LOW-,33,,,,,,,,,118,117,83,92,82,98.4,17.86896751
5,3,9,27,94,90,Ochroma pyramidale,Ochroma pyramidale,Bursera simaruba,,,,,LOW,LOW-,103,,,,,,,,,143,171,213,178,179,176.8,24.96397404
5,3,10,0,92,90,Platymiscium pinnatum,Vachellia cornigera,Vochysia guatemalensis,,,,,None,None,71,,,,,,,,,None,None,None,None,None,None,None
5,3,11,33,89,92,Bursera simaruba,Tabernaemontana alba,Piper hispidum,Heliocarpus appendiculata,,,,LOW,LOW-,146,,,,,,,,,102,135,108,118,116,115.8,12.49799984
5,3,12,0,91,90,Trichilia havanensis,Trema micrantha,Alchornea latifolia,Lonchocarpus guatemalensis,,,,None,None,49,,,,,,,,,None,None,None,None,None,None,None
5,4,13,0,89,92,Ceiba pentandra,Hampea nutricia,Hampea nutricia,Handronathus chrysanthus,Alchornea latifolia,Vine,Lonchocarpus guatemalensis,None,None,46,,,,,,,,,None,None,None,None,None,None,None
5,4,14,15,89,87,Alchornea latifolia,Tabernaemontana alba,Hampea nutricia,Platymiscium pinnatum,,,,LOW,LOW-,144,,,,,,,,,98,113,93,82,80,93.2,13.36787193
5,4,15,37,86,90,Aspidosperma megalocarpon,Alchornea latifolia,Albizia purpusii,,,,,LOW,LOW-,116,,,,,,,,,124,110,128,114,156,126.4,18.07761046
5,4,16,0,91,93,Piper hispidum,Tabernaemontana alba,Citrus sp.,Albiza purpusii,,,,None,None,16,,,,,,,,,None,None,None,None,None,None,None
4,1,1,6,88,87,Vine,Citrus sp.,Ficus yoponensis,Conostegia xalapensis,,,,LOW-,LOW-,47,,,70,,,91,86,,100,72,64,60,62,71.6,16.51665826
4,1,2,54,88,95,Ficus yoponensis,Heliocarpus appendiculata,Trema micrantha,Bursera simaruba,,,,NOR,LOW,8,,,,,,,,,97,88,75,55,57,74.4,18.54184457
4,1,3,0,93,91,Cojoba arborea,Vine,,,,,,None,None,108,,,,,,,,,None,None,None,None,None,None,None
4,1,4,20,87,80,Bursera simaruba,Bursera simaruba,Cecropia obtusifolia,,,,,None,None,31,,,,,,,,,103,106,100,87,74,94,13.32291259
4,2,5,24,92,89,Vine,Poulsenia armata,Piper hispidum,Conostegia xalapensis,Inga sinacae,Eupatorium galeotti,,LOW,LOW-,33,,,,,,,,,104,95,76,93,71,87.8,13.80941708
4,2,6,21,93,92,Conostegia xalapensis,Piper hispidum,Eupatorium galeotti,Inga sinacae,,,,LOW,LOW-,46,,,,,,,,,90,71,69,69,94,78.6,12.34098862
4,2,7,25,89,87,Ficus yoponensis,Cecropia obtusifolia,,,,,,LOW,LOW-,107,,,,,,,,,150,165,220,187,182,180.8,26.33818521
4,2,8,2,90,92,Amphitecna tuxtlensis,Alchornea latifolia,Tabernaemontana donnel-smithii,Inga sinacae,,,,LOW-,LOW-,39,,,,,,,,,53,40,None,None,None,46.5,9.192388155
4,3,9,21,93,88,Cojoba arborea,Vine,Cecropia obtusifolia,,,,,LOW,LOW-,44,,,,,,,,,131,113,124,62,125,111,28.15137652
4,3,10,31,93,94,Piper hispidum,Conostegia xalapensis,Ficus yoponensis,,,,,NOR,LOW+,145,,,15,,,,,,133,112,131,89,129,118.8,18.63330352
4,3,11,29,73,88,Pavonia schiediana,Cojoba arborea,Bursera simaruba,Ficus yoponensis,,,,LOW+,LOW-,61,,,,,,,,,75,136,108,84,111,102.8,24.09771773
4,3,12,36,90,91,Cestrum racemosum,Piper hispidum,Ficus yoponensis,Ficus yoponensis,,,,LOW+,LOW-,45,,,,,,,,,166,151,149,156,129,150.2,13.55359731
4,4,13,43,90,88,Inga sinacae,Ficus yoponensis,Vine,,,,,LOW,LOW-,46,,,,,,,,,99,135,126,109,127,119.2,14.73770674
4,4,14,4,91,88,Cestrum racemosum,Inga sinacae,Cojoba arborea,,,,,LOW-,LOW-,121,,,,,,,,,73,66,55,40,None,58.5,14.38749457
4,4,15,17,87,93,Annona mucosa,Alchornea latifolia,Cojoba arborea,Cecropia obtusifolia,,,,LOW-,LOW-,81,,,,,,,,,92,95,85,88,75,87,7.71362431
4,4,16,29,90,93,Tabernaemontana donnel-smithii,Inga sinacae,,,,,,LOW,LOW-,63,,,,,,,,,126,102,112,127,84,110.2,17.94993036
3,1,1,5,90,88,Ochroma pyramidale,Ocotea uxpanapana,Hampea nutricia,Heliocarpus appendiculata,,,,LOW-,LOW-,145,,,,,,,,,43,46,52,53,41,47,5.338539126
3,1,2,56,86,88,Gliricidia sepium,Aspidosperma megalocarpon,Cecropia obtusifolia,,,,,LOW,LOW-,5,,,,,,,,,114,141,141,115,122,126.6,13.50185172
3,1,3,15,92,93,Hampea nutricia,Cedrela odorata,Vine,?33,,,,LOW,LOW-,56,,,,,,,,,152,126,108,66,89,108.2,33.10891119
3,1,4,11,88,87,Bursera simaruba,Cordia alliodora,Hampea nutricia,Cedrela odorata,?33,Alchornea latifolia,,LOW-,LOW-,58,,,,,,,,,59,100,88,63,77,77.4,17.09678332
3,2,5,20,89,87,Bursera simaruba,Cordia megalantha,Vochysia guatemalensis,Bernoullia flamea,,,,NOR,LOW-,138,,,,,,,,,121,170,108,130,68,119.4,36.90257444
3,2,6,25,90,90,Cordia alliodora,Bursera simaruba,Albizia purpusii,Ocotea uxpanapana,Alchornea latifolia,,,LOW,LOW-,23,,,,,,,,,75,73,73,82,71,74.8,4.266145802
3,2,7,0,91,90,Ceiba pentandra,Ochroma pyamidale,,,,,,None,None,81,,,,,,,,,None,None,None,None,None,None,None
3,2,8,5,86,89,Vine,Ochroma pyramidale,Hampea nutricia,,,,,LOW,LOW-,118,,,,,,,,,77,45,69,85,47,64.6,17.91089054
3,3,9,20,91,91,Cordia megalantha,Cestrum racemosum,Trichilia martiana,Vochysia guatemalensis,Ochroma pyramidale,,,NA,NA,89,,,,,,,,,177,145,110,103,118,130.6,30.43517702
3,3,10,30,86,85,Cordia megalantha,Ceiba pentandra,Vochysia guatemalensis,,,,,NA,NA,72,,,,,,,,,118,98,105,123,88,106.4,14.32829369
3,3,11,81,86,90,Gliricidia sepium,Gliricidia sepium,Bursera simaruba,Ceiba pentandra,,,,LOW,LOW-,6,,,,,,,,,181,187,148,160,147,164.6,18.55532269
3,3,12,55,91,93,Bursera simaruba,Hampea nutricia,,,,,,NA,NA,105,,,,,,,,,70,55,94,126,101,89.2,27.63512258
3,4,13,6,88,91,Bursera simaruba,Bursera simaruba,Coccoloba hondurensis,Alchornea latifolia,Ochroma pyramidale,,,NA,NA,11,,,,,,,,,84,55,90,74,93,79.2,15.35252422
3,4,14,12,90,90,Vochsysia guatemalensis,Vine,Alchornea latifolia,Ochroma pyramidale,,,,NA,NA,49,,,,,,,,,90,85,77,59,69,76,12.40967365
3,4,15,15,90,87,Handroanthus chrysanthus,Vochysia guatemalensis,Ochroma pyramidale,,,,,NA,NA,124,,,,,,,,,85,97,87,106,91,93.2,8.497058314
3,4,16,21,91,90,Vochysia guatemalensis,Ochroma pyramidale,Alchornea latifolia,,,,,NA,NA,96,,,,,,,,,105,116,93,91,111,103.2,10.96357606
2,1,1,51,87,87,Bursera simaruba,Hampea nutricia,Ficus yoponensis,,,,,NA,NA,24,,,,,,,,,157,148,129,112,129,135,17.70593121
2,1,2,0,93,90,Tabernaemontana donnel-smithii,Tabernaemontana alba,Cojoba arborea,Ficus yoponensis,,,,NA,NA,117,,,,,,,,,None,None,None,None,None,None,None
2,1,3,4,83,90,Cojoba arborea,Ficus yoponensis,Ficus yoponensis,,,,,NA,NA,87,,,,,,,,1,56,65,76,62,None,64.75,8.381527307
2,1,4,35,92,85,Ficus yoponensis,,,,,,,NA,NA,18,,,,,,,,,162,187,141,127,150,153.4,22.72223581
2,2,5,18,90,83,Cojoba arborea,Ficus yoponensis,,,,,,NA,NA,126,,,,,,,,,82,56,74,73,65,70,9.874208829
2,2,6,1,86,80,Cecropia obtusifolia,Inga sinacae,Ficus yoponensis,,,,,NA,NA,73,,,,,,,,9,40,None,None,None,None,40,NA
2,2,7,4,84,92,Conostegia xalapensis,Cestrum racemosum,Hampea nutricia,Ficus yoponensis,Bursera simaruba,,,NA,NA,133,,,,20,,,,,90,92,67,55,95,79.8,17.76794867
2,2,8,15,93,93,Piper auritum,Inga sinacae,Ficus yoponensis,,,,,NA,NA,66,,,,,,,,,None,None,None,None,None,None,None
2,3,9,0,89,91,Tabernaemontana donnel-smithii,Cojoba arborea,Inga sinacae,Cecropia obtusifolia,,,,NA,NA,104,,,,,,,,,None,None,None,None,None,None,None
2,3,10,0,88,86,Alchornea latifolia,Inga sinacae,Ficus yoponensis,Cojoba arborea,,,,NA,NA,77,,,,,,,,,92,62,102,71,56,76.6,19.69263822
2,3,11,12,NA,NA,Tabernaemontana donnel-smithii,Hampea nutricia,Poulsenia armata,Cecropia obtusifolia,Cojoba arborea,,,NA,NA,125,,,,,,,,,None,None,None,None,None,None,None
2,3,12,0,89,89,Hampea nutricia,Hampea nutricia,Heliocarpus donnel-smithii,Ficus yoponensis,,,,NA,NA,62,,,,,,,,,None,None,None,None,None,None,None
2,4,13,0,92,88,Tabernaemontana donnel-smithii,Inga sinacae,,,,,,NA,NA,127,,,,,,,,,None,None,None,None,None,None,None
2,4,14,0,93,92,Hampea nutricia,Vine,Ficus yoponensis,Cojoba arborea,,,,NA,NA,56,,,,,,,,,None,None,None,None,None,None,None
2,4,15,1,94,91,Platymiscium pinnatum,Hampea nutricia,Cecropia obtusifolia,,,,,NA,NA,104,,,,,,,,1,43,None,None,None,None,43,NA
2,4,16,0,89,88,Piper umbellatum,Tabernaemontana donnel-smithii,Tabernaemontana donnel-smithii,Cecropia obtusifolia,,,,NA,NA,130,,,,,,,,,None,None,None,None,None,None,None
1,1,1,20,64,47,Sapium nitidum,,,,,,,NA,NA,150,,,,90,,,,,135,157,120,121,117,130,16.61324773
1,1,2,0,17,15,Xanthosoma robusta,Trema micrantha,,,,,,NA,NA,57,,,,99,,21,31,,None,None,None,None,None,None,None
1,1,3,0,33,20,Xanthosoma robusta,Trema micrantha,,,,,,NA,NA,61,,,,100,,,,,None,None,None,None,None,None,None
1,1,4,0,28,31,Sapium nitidum,,,,,,,NA,NA,114,,,,100,,,,,None,None,None,None,None,None,None
1,2,5,16,82,87,Piper hispidum,Bursera simaruba,,,,,,NA,NA,50,,,,,,,,,85,78,93,91,129,95.2,19.7787765
1,2,6,36,93,89,Conostegia xalapensis,Conostegia xalapensis,Bursera simaruba,,,,,NA,NA,55,,,,,,,,,159,163,148,122,139,146.2,16.48332491
1,2,7,12,88,89,Bursera simaruba,Piper amalago,Conostegia xalapensis,,,,,NA,NA,151,,,,,,,,,80,42,50,73,82,65.4,18.2428068
1,2,8,75,90,89,Conostegia xalapensis,Bursera simaruba,Sapium nitidum,Cecropia obtusifolia,,,,NA,NA,143,,,,,,,,,176,183,180,166,182,177.4,6.913754407
1,3,9,0,0,0,None,,,,,,,NA,NA,164,,,,100,,,,,None,None,None,None,None,None,None
1,3,10,0,11,18,Trema micrantha,,,,,,,NA,NA,37,,,,100,,,,,None,None,None,None,None,None,None
1,3,11,0,0,0,None,,,,,,,NA,NA,140,,,,100,,,,,None,None,None,None,None,None,None
1,3,12,2,0,0,None,,,,,,,NA,NA,101,,,,99,,,,,49,86,None,None,None,67.5,26.1629509
1,4,13,33,89,90,Tabernaemontana alba,Trema micrantha,,,,,,NA,NA,132,,,,,,,,,99,76,71,91,85,84.4,11.26055061
1,4,14,0,12,12,Trema micrantha,,,,,,,NA,NA,130,,,,100,,,,,None,None,None,None,None,None,None
1,4,15,13,91,94,Tabernaemontana alba,Trema micrantha,,,,,,NA,NA,118,,,,,,,,,53,65,81,73,58,66,11.26942767
1,4,16,36,85,86,Trema micrantha,Cestrum racemosum,Hampea nutricia,Vine,,,,NA,NA,86,,,,,,,,,117,92,66,167,191,126.6,51.81988035