ID,Plot,Species,Aboveground,Belowground,Harvest Notes,Height (cm),Diameter Base (cm),TotalWetMass,Total Branches (g),Total Petioles (g),Stem (g), Roots (g),Leaf Count,LeafAveMass,TotalLeafMass,Area.1,AreaC.1,WetMass.1,TotArea.1,Area.2,AreaC.2,TotArea.2,WetMass.2,Area.3,AreaC.3,TotArea.3,WetMass.3,Area.4,AreaC.4,TotArea.4,WetMass.4,Area.5,AreaC.5,TotArea.5,WetMass.5,Area.6,AreaC.6,TotArea.6,WetMass.6,Area.7,AreaC.7,TotArea.7,WetMass.7,Area.8,AreaC.8,TotArea.8,WetMass.8,Area.9,AreaC.9,TotArea.9,WetMass.9,Area.10,AreaC.10,TotArea.10,WetMass.10,Area.11,AreaC.11,TotArea.11,WetMass.11,Area.12,AreaC.12,TotArea.12,WetMass.12,Area.13,AreaC.13,TotArea.13,WetMass.13,Area.14,AreaC.14,TotArea.14,WetMass.14,Area.15,AreaC.15,TotArea.15,WetMass.15,Area.16,AreaC.16,TotArea.16,WetMass.16,WetMass.17,WetMass.18,WetMass.19,WetMass.20,WetMass.21,WetMass.22,WetMass.23,WetMass.24,WetMass.25,WetMass.26,WetMass.27,WetMass.28,WetMass.29,WetMass.30,WetMass.31,WetMass.32,WetMass.33,WetMass.34,WetMass.35,WetMass.36,WetMass.37,WetMass.38,WetMass.39
11,6.3,Sapindus saponaria,Covered,Protected,,10,0.3,0.72,,0.01,0.27,0.31,4,0.033,0.130,6.593,3.468,0.01,10.061,,,0,0.07,,,0,0.01,,,0,0.04,,,0,,,,0,,,,0,,,,0,,,,0,,,,0,,,,0,,,,0,,,,0,,,,0,,,,0,,,,0,,,,,,,,,,,,,,,,,,,,,,,,
14,6.3,Sapindus saponaria,Covered,Protected,,14,0.3,0.49,,0.01,0.25,0.16,2,0.035,0.070,11.589,7.553,0.04,19.142,,,0,0.03,,,0,,,,0,,,,0,,,,0,,,,0,,,,0,,,,0,,,,0,,,,0,,,,0,,,,0,,,,0,,,,0,,,,0,,,,,,,,,,,,,,,,,,,,,,,,
21,6.3,Sapindus saponaria,Exposed,Unprotected,,13,0.4,2.46,,0.05,0.69,0.89,7,0.119,0.830,20.837,0.437,0.17,21.274,,,0,0.37,,,0,0.09,,,0,0.06,,,0,0.03,,,0,0.06,,,0,0.05,,,0,,,,0,,,,0,,,,0,,,,0,,,,0,,,,0,,,,0,,,,0,,,,,,,,,,,,,,,,,,,,,,,,
32,6.3,Sapindus saponaria,Covered,Unprotected,,14,0.3,1.44,,0.05,0.45,0.34,7,0.086,0.600,21.073,0.093,0.12,21.166,,,0,0.12,,,0,0.11,,,0,0.08,,,0,0.06,,,0,0.05,,,0,0.06,,,0,,,,0,,,,0,,,,0,,,,0,,,,0,,,,0,,,,0,,,,0,,,,,,,,,,,,,,,,,,,,,,,,
43,8.2,Sapindus saponaria,Exposed,Protected,,66,1.3,90.87,,1.8,28.6,28.8,24,1.320,31.670,138.928,0.113,1.41,139.041,,,0,0.33,,,0,1.07,,,0,1.72,,,0,0.7,,,0,0.21,,,0,0.25,,,0,0.33,,,0,0.4,,,0,1.16,,,0,0.9,,,0,1.42,,,0,1.12,,,0,0.22,,,0,1.86,,,0,1.66,2.37,2.19,2.04,2.31,3.02,1.85,2.25,0.88,,,,,,,,,,,,,,,
63,8.2,Cymbopetalum baillonii,Exposed,Unprotected,,32,1.2,19.80,0.42,,5.5,6,11,0.716,7.880,50.39,0.029,0.52,50.419,,,0,0.82,,,0,0.55,,,0,1.09,,,0,0.07,,,0,0.88,,,0,0.64,,,0,0.67,,,0,0.66,,,0,1.15,,,0,0.83,,,0,,,,0,,,,0,,,,0,,,,0,,,,,,,,,,,,,,,,,,,,,,,,
66,8.2,Sapindus saponaria,Exposed,Unprotected,,10,0.4,2.44,,0.09,0.56,1,6,0.132,0.790,24.915,4.573,0.19,29.488,,,0,0.2,,,0,0.12,,,0,0.11,,,0,0.14,,,0,0.03,,,0,,,,0,,,,0,,,,0,,,,0,,,,0,,,,0,,,,0,,,,0,,,,0,,,,,,,,,,,,,,,,,,,,,,,,
68,8.2,Cymbopetalum baillonii,Exposed,Unprotected,,26,0.5,4.98,0.38,,2.82,0.82,6,0.160,0.960,27.06,0,0.45,27.06,17.918,3.195,21.113,0.27,15.456,27.093,42.549,0.17,1.291,0,1.291,0.03,,,0,0.03,,,0,0.01,,,0,,,,0,,,,0,,,,0,,,,0,,,,0,,,,0,,,,0,,,,0,,,,0,,,,,,,,,,,,,,,,,,,,,,,,
83,10.2,Cymbopetalum baillonii,Exposed,Protected,Plant broke through,44,0.9,30.13,2.32,,5.68,6.18,33,0.483,15.950,66.7,0,1.28,66.7,56.445,0.012,56.457,0.95,63.93,0.074,64.004,1.24,31.834,3.859,35.693,0.51,,,0,1.09,,,0,1,,,0,0.88,,,0,0.26,,,0,1.06,,,0,0.74,43.077,0,43.077,0.74,, ,0,0.47,,,0,0.49,,,0,0.42,,,0,0.64,36.089,0.001,36.09,0.63,0.5,0.28,0.34,0.11,0.32,0.23,0.08,0.37,0.15,0.1,0.14,0.13,0.19,0.14,0.1,0.32,0.05,,,,,,
84,10.2,Cymbopetalum baillonii,Exposed,Protected,Plant broke through,47,1.1,64.26,3.33,,13.67,19.93,39,0.701,27.330,68.25,0.195,1.26,68.445,91.879,0.001,91.88,1.95,38.404,0,38.404,0.63,,,0,2.09,,,0,0.95,,,0,0.43,,,0,0.53,,,0,0.84,,,0,1.46,,,0,1.07,,,0,1.65,,,0,1.76,,,0,0.89,,,0,1.8,,,0,1.03,,,0,0.83,0.27,0.58,0.55,0.56,0.52,0.36,0.4,0.67,0.32,0.32,0.38,0.34,0.43,0.39,0.28,0.12,0.28,0.27,0.24,0.23,0.3,0.15,0.2
85,10.2,Cymbopetalum baillonii,Exposed,Protected,,10,0.3,1.45,0.07,,0.29,0.3,9,0.088,0.790,13.779,0,0.18,13.779,14.481,0,14.481,0.17,12.403,0,12.403,0.16,,,0,0.04,,,0,0.08,,,0,0.08,,,0,0.06,,,0,0.01,,,0,0.01,,,0,,,,0,,,,0,,,,0,,,,0,,,,0,,,,0,,,,,,,,,,,,,,,,,,,,,,,,
86,10.2,Sapindus saponaria,Exposed,Protected,,50,1,10.68,,0.24,2.43,3.97,18,0.224,4.040,62.817,1.988,0.53,64.805,,,0,0.18,,,0,0.45,,,0,0.47,,,0,0.34,,,0,0.12,,,0,0.4,,,0,0.27,,,0,0.22,,,0,0.27,,,0,0.26,,,0,0.08,,,0,0.08,,,0,0.06,,,0,0.01,,,0,0.22,0.03,0.05,,,,,,,,,,,,,,,,,,,,,
87,10.2,Cymbopetalum baillonii,Exposed,Protected,Plant broke through,50,1,44.53,2.62,,11.43,10.72,32,0.618,19.760,67.083,0.556,1.32,67.639,85.841,0,85.841,1.68,37.736,0,37.736,0.55,,,0,1.76,,,0,0.43,,,0,0.6,,,0,0.85,,,0,1.68,,,0,1.37,,,0,1.05,,,0,1.17,,,0,0.64,,,0,1.59,,,0,0.56,,,0,0.41,,,0,0.32,0.5,0.48,0.4,0.32,0.51,0.26,0.34,0.16,0.14,0.14,0.15,0.1,0.11,0.07,0.04,0.06,,,,,,,
88,10.2,Cymbopetalum baillonii,Exposed,Protected,Plant broke through,35,0.9,30.74,1.65,,7.18,7.89,28,0.501,14.020,60.258,0.016,1.09,60.274,28.574,0,28.574,0.4,61.297,0,61.297,1.23,,,0,0.38,,,0,1,,,0,0.58,,,0,0.74,,,0,1.08,,,0,0.35,,,0,0.59,,,0,0.82,,,0,0.52,,,0,0.24,,,0,0.66,,,0,0.93,,,0,0.66,0.65,0.26,0.2,0.22,0.09,0.21,0.3,0.22,0.17,0.12,0.27,0.04,,,,,,,,,,,
91,10.2,Sapindus saponaria,Covered,Protected,Fern burst through,26,0.4,3.32,,0.17,1.41,0.156,8,0.198,1.580,45.516,0.388,0.33,45.904,,,0,0.34,,,0,0.12,,,0,0.09,,,0,0.16,,,0,0.28,,,0,0.22,,,0,0.04,,,0,,,,0,,,,0,,,,0,,,,0,,,,0,,,,0,,,,0,,,,,,,,,,,,,,,,,,,,,,,,
94,10.2,Cymbopetalum baillonii,Covered,Protected,,26,0.4,1.24,,,0.38,0.56,6,0.050,0.300,4.86,0.725,0.08,5.585,,,0,0.03,,,0,0.03,,,0,0.06,,,0,0.07,,,0,0.03,,,0,,,,0,,,,0,,,,0,,,,0,,,,0,,,,0,,,,0,,,,0,,,,0,,,,,,,,,,,,,,,,,,,,,,,,
95,10.2,Cymbopetalum baillonii,Covered,Protected,Fern burst through,20,0.4,1.62,0.06,,0.56,0.16,8,0.105,0.840,21.068,0,0.25,21.068,10.835,0,10.835,0.11,11.906,0,11.906,0.13,,,0,0.09,,,0,0.13,,,0,0.07,,,0,0.05,,,0,0.01,,,0,,,,0,,,,0,,,,0,,,,0,,,,0,,,,0,,,,0,,,,,,,,,,,,,,,,,,,,,,,,
96,10.2,Sapindus saponaria,Covered,Protected,,10,0.2,0.54,,0.03,0.26,0.11,5,0.028,0.140,7.819,0.052,0.04,7.871,,,0,0.03,,,0,0.03,,,0,0.03,,,0,0.01,,,0,,,,0,,,,0,,,,0,,,,0,,,,0,,,,0,,,,0,,,,0,,,,0,,,,0,,,,,,,,,,,,,,,,,,,,,,,,
106,10.2,Sapindus saponaria,Exposed,Unprotected,,38,10,48.31,,1.24,13.73,12.88,18,1.137,20.460,45.317,0.571,1.41,45.888,,,0,0.14,,,0,1.91,,,0,1.02,,,0,0.49,,,0,0.89,,,0,0.48,,,0,0.36,,,0,0.38,,,0,2.37,,,0,1.77,,,0,0.98,,,0,2.16,,,0,1.82,,,0,1.52,,,0,1.21,0.92,0.63,,,,,,,,,,,,,,,,,,,,,
126,15.3,Sapindus saponaria,Exposed,Protected,,36,0.8,23.13,,1.83,5.44,4.62,20,0.562,11.240,26.973,0,0.47,26.973,44.131,0,44.131,0.8,76.501,0.062,76.563,1.53,,,0,1.42,,,0,1.05,,,0,1.61,,,0,0.73,,,0,0.45,,,0,0.41,,,0,0.38,,,0,0.68,,,0,0.17,,,0,0.28,,,0,0.16,,,0,0.31,,,0,0.25,0.22,0.11,0.11,0.1,,,,,,,,,,,,,,,,,,,
128,15.3,Sapindus saponaria,Exposed,Protected,,17,0.5,7.91,,0.28,2.58,2.33,10,0.272,2.720,18.936,5.547,0.14,24.483,,,0,0.37,,,0,0.29,,,0,0.36,,,0,0.13,,,0,0.32,,,0,0.08,,,0,0.28,,,0,0.47,,,0,0.28,,,0,,,,0,,,,0,,,,0,,,,0,,,,0,,,,,,,,,,,,,,,,,,,,,,,,
134,15.3,Cymbopetalum baillonii,Covered,Protected,,17,0.3,1.11,,,0.58,0.22,6,0.052,0.310,9.123,0.003,0.1,9.126,3.279,0,3.279,0.04,6.305,0,6.305,0.07,,,0,0.03,,,0,0.06,,,0,0.01,,,0,,,,0,,,,0,,,,0,,,,0,,,,0,,,,0,,,,0,,,,0,,,,0,,,,,,,,,,,,,,,,,,,,,,,,
135,15.3,Cymbopetalum baillonii,Covered,Protected,Fern invaded,13,0.3,2.22,0.1,,1.05,0.13,9,0.104,0.940,15.515,0,0.18,15.515,7.844,0,7.844,0.09,11.054,0,11.054,0.14,,,0,0.08,,,0,0.12,,,0,0.14,,,0,0.08,,,0,0.06,,,0,0.05,,,0,,,,0,,,,0,,,,0,,,,0,,,,0,,,,0,,,,,,,,,,,,,,,,,,,,,,,,
137,15.3,Cymbopetalum baillonii,Covered,Protected,,24,0.4,4.11,0.18,,1,0.37,17,0.151,2.560,16.463,2.358,0.19,18.821,18.497,0,18.497,0.21,9.553,0,9.553,0.1,,,0,0.44,,,0,0.39,,,0,0.21,,,0,0.19,,,0,0.13,,,0,0.11,,,0,0.1,,,0,0.11,,,0,0.11,,,0,0.14,,,0,0.03,,,0,0.08,,,0,0.01,0.01,,,,,,,,,,,,,,,,,,,,,,
140,15.3,Sapindus saponaria,Covered,Protected,,6,0.2,0.54,,0.03,0.12,0.25,3,0.047,0.140,3.366,0.025,0.01,3.391,,,0,0.08,,,0,0.05,,,0,,,,0,,,,0,,,,0,,,,0,,,,0,,,,0,,,,0,,,,0,,,,0,,,,0,,,,0,,,,0,,,,,,,,,,,,,,,,,,,,,,,,
142,15.3,Sapindus saponaria,Exposed,Unprotected,,14,0.4,2.28,,0.11,0.97,0.62,3,0.193,0.580,73.772,1.294,0.47,75.066,,,0,0.05,,,0,0.06,,,0,,,,0,,,,0,,,,0,,,,0,,,,0,,,,0,,,,0,,,,0,,,,0,,,,0,,,,0,,,,0,,,,,,,,,,,,,,,,,,,,,,,,
144,15.3,Sapindus saponaria,Exposed,Unprotected,,21,0.7,7.06,,0.14,2.09,2.31,6,0.420,2.520,75.605,0.042,0.56,75.647,,,0,0.39,,,0,0.29,,,0,0.4,,,0,0.45,,,0,0.43,,,0,,,,0,,,,0,,,,0,,,,0,,,,0,,,,0,,,,0,,,,0,,,,0,,,,,,,,,,,,,,,,,,,,,,,,
153,15.3,Sapindus saponaria,Covered,Unprotected,,15,0.3,1.55,,0.03,0.63,0.38,5,0.102,0.510,24.988,0.02,0.09,25.008,,,0,0.09,,,0,0.08,,,0,0.09,,,0,0.16,,,0,,,,0,,,,0,,,,0,,,,0,,,,0,,,,0,,,,0,,,,0,,,,0,,,,0,,,,,,,,,,,,,,,,,,,,,,,,
154,15.3,Cymbopetalum baillonii,Covered,Unprotected,,13,0.2,0.77,0.03,,0.35,0.07,6,0.053,0.320,11.055,0,0.12,11.055,6.449,0,6.449,0.08,3.47,0,3.47,0.05,,,0,0.05,,,0,0.01,,,0,0.01,,,0,,,,0,,,,0,,,,0,,,,0,,,,0,,,,0,,,,0,,,,0,,,,0,,,,,,,,,,,,,,,,,,,,,,,,
159,15.3,Sapindus saponaria,Covered,Unprotected,,17,0.3,2.98,,0.06,0.88,0.83,9,0.134,1.210,33.002,0.046,0.2,33.048,,,0,0.22,,,0,0.11,,,0,0.21,,,0,0.2,,,0,0.11,,,0,0.01,,,0,0.12,,,0,0.03,,,0,,,,0,,,,0,,,,0,,,,0,,,,0,,,,0,,,,,,,,,,,,,,,,,,,,,,,,
159,15.3,Cymbopetalum baillonii,Covered,Unprotected,,16,0.3,1.22,0.05,,0.51,0.15,6,0.085,0.510,10.173,18.328,0.08,28.501,12.319,1.418,13.737,0.1,13.692,22.366,36.058,0.12,,,0,0.1,,,0,0.1,,,0,0.01,,,0,,,,0,,,,0,,,,0,,,,0,,,,0,,,,0,,,,0,,,,0,,,,0,,,,,,,,,,,,,,,,,,,,,,,,
167,15.4,Sapindus saponaria,Exposed,Protected,Plant broke through,35,1.1,53.84,,1,11.92,19.96,21,0.998,20.960,141.627,0.343,1.57,141.97,,,0,1.68,,,0,1.48,,,0,2.11,,,0,0.28,,,0,0.7,,,0,0.6,,,0,1,,,0,0.32,,,0,0.12,,,0,0.51,,,0,1.62,,,0,1.84,,,0,1.66,,,0,0.27,,,0,0.62,1,1.38,0.5,0.86,0.84,,,,,,,,,,,,,,,,,,
169,15.4,Sapindus saponaria,Exposed,Protected,,46,1,45.40,,0.94,13.84,15.28,17,0.902,15.340,80.98,0.041,0.82,81.021,,,0,1.73,,,0,1.73,,,0,0.77,,,0,1,,,0,0.73,,,0,0.5,,,0,0.87,,,0,0.38,,,0,0.51,,,0,2,,,0,0.66,,,0,0.44,,,0,0.59,,,0,1.03,,,0,0.32,1.26,,,,,,,,,,,,,,,,,,,,,,
171,15.4,Cymbopetalum baillonii,Covered,Protected,,10,0.3,1.23,0.06,,0.3,0.09,9,0.087,0.780,7.37,0,0.09,7.37,18.516,0.002,18.518,0.21,7.781,0,7.781,0.08,,,0,0.11,,,0,0.06,,,0,0.17,,,0,0.04,,,0,0.01,,,0,0.01,,,0,,,,0,,,,0,,,,0,,,,0,,,,0,,,,0,,,,,,,,,,,,,,,,,,,,,,,,
174,15.4,Sapindus saponaria,Covered,Protected,,16,0.4,1.64,,0.01,0.8,0.49,2,0.170,0.340,25.393,0.009,0.16,25.402,,,0,0.18,,,0,,,,0,,,,0,,,,0,,,,0,,,,0,,,,0,,,,0,,,,0,,,,0,,,,0,,,,0,,,,0,,,,0,,,,,,,,,,,,,,,,,,,,,,,,
175,15.4,Cymbopetalum baillonii,Covered,Protected,Fern burst through,19,0.4,2.35,0.12,,0.61,0.33,10,0.129,1.290,11.04,0.009,0.1,11.049,17.619,0,17.619,0.22,10.829,0,10.829,0.11,,,0,0.13,,,0,0.07,,,0,0.22,,,0,0.13,,,0,0.13,,,0,0.09,,,0,0.09,,,0,,,,0,,,,0,,,,0,,,,0,,,,0,,,,,,,,,,,,,,,,,,,,,,,,
187,15.4,Sapindus saponaria,Exposed,Unprotected,,129,3,335.68,,3.18,139.85,115.75,31,2.481,76.900,237.767,0.003,3.43,237.77,,,0,3.18,,,0,14,,,0,2.15,,,0,3.19,,,0,2.19,,,0,0.46,,,0,2.54,,,0,1.33,,,0,1.16,,,0,0.86,,,0,2.2,,,0,3.34,,,0,2.44,,,0,2.73,,,0,2.52,2.43,0.83,3.43,2.34,2.3,2.85,1.95,3.12,1.67,1,1.24,1.56,0.28,2.1,2.08,,,,,,,,
191,15.4,Cymbopetalum baillonii,Covered,Unprotected,,21,0.4,3.22,0.16,,0.59,0.64,15,0.122,1.830,16.047,0,0.19,16.047,23.362,0,23.362,0.29,10.509,0,10.509,0.12,,,0,0.17,,,0,0.11,,,0,0.08,,,0,0.16,,,0,0.18,,,0,0.2,,,0,0.08,,,0,0.09,,,0,0.13,,,0,0.01,,,0,0.01,,,0,0.01,,,0,,,,,,,,,,,,,,,,,,,,,,,,
192,15.4,Sapindus saponaria,Covered,Unprotected,,12,0.2,0.50,,0.01,0.22,0.17,3,0.033,0.100,7.158,0,0.03,7.158,,,0,0.03,,,0,0.04,,,0,,,,0,,,,0,,,,0,,,,0,,,,0,,,,0,,,,0,,,,0,,,,0,,,,0,,,,0,,,,0,,,,,,,,,,,,,,,,,,,,,,,,
192,15.4,Cymbopetalum baillonii,Covered,Unprotected,,31,0.5,47.84,0.4,,1.78,0.67,18,2.499,44.990,16.929,0,0.18,16.929,21.474,0,21.474,0.23,39.55,0,39.55,41,,,0,0.14,,,0,0.54,,,0,0.55,,,0,0.24,,,0,0.29,,,0,0.28,,,0,0.16,,,0,0.45,,,0,0.29,,,0,0.27,,,0,0.16,,,0,0.05,,,0,0.14,0.01,0.01,,,,,,,,,,,,,,,,,,,,,
198,15.4,Sapindus saponaria,Covered,Unprotected,,23,0.5,3.81,,0.06,1.39,1.43,5,0.186,0.930,30.895,0.008,0.22,30.903,,,0,0.03,,,0,0.14,,,0,0.26,,,0,0.28,,,0,,,,0,,,,0,,,,0,,,,0,,,,0,,,,0,,,,0,,,,0,,,,0,,,,0,,,,,,,,,,,,,,,,,,,,,,,,
199,15.4,Cymbopetalum baillonii,Covered,Unprotected,,17,0.3,2.16,0.12,,0.65,0.18,15,0.081,1.209,7.624,0.005,0.009,7.629,3.989,0,3.989,0.05,6.789,0,6.789,0.08,,,0,0.26,,,0,0.09,,,0,0.06,,,0,0.16,,,0,0.05,,,0,0.12,,,0,0.09,,,0,0.08,,,0,0.1,,,0,0.04,,,0,0.01,,,0,0.01,,,0,,,,,,,,,,,,,,,,,,,,,,,,
200,15.4,Sapindus saponaria,Covered,Unprotected,,24,0.4,2.77,,0.05,1.21,0.94,4,0.143,0.570,34.376,0.35,0.31,34.726,,,0,0.1,,,0,0.13,,,0,0.03,,,0,,,,0,,,,0,,,,0,,,,0,,,,0,,,,0,,,,0,,,,0,,,,0,,,,0,,,,0,,,,,,,,,,,,,,,,,,,,,,,,
200,15.4,Cymbopetalum baillonii,Covered,Unprotected,,20,0.4,5.73,0.34,,1.38,0.61,16,0.213,3.400,21.211,0,0.29,21.211,25.222,0,25.222,0.34,22.406,0,22.406,0.28,,,0,0.36,,,0,0.56,,,0,0.21,,,0,0.29,,,0,0.42,,,0,0.12,,,0,0.16,,,0,0.09,,,0,0.19,,,0,0.06,,,0,0.01,,,0,0.01,,,0,0.01,,,,,,,,,,,,,,,,,,,,,,,
202,24.2,Sapindus saponaria,Exposed,Protected,,10,0.4,2.83,,0.04,0.87,1.15,6,0.128,0.770,30.524,0.037,0.22,30.561,,,0,0.15,,,0,0.04,,,0,0.21,,,0,0.14,,,0,0.01,,,0,,,,0,,,,0,,,,0,,,,0,,,,0,,,,0,,,,0,,,,0,,,,0,,,,,,,,,,,,,,,,,,,,,,,,
203,24.2,Sapindus saponaria,Exposed,Protected,,14,0.5,5.22,,0.07,1.05,2.26,6,0.307,1.840,42.419,0.008,0.33,42.427,,,0,0.79,,,0,0.16,,,0,0.13,,,0,0.12,,,0,0.31,,,0,,,,0,,,,0,,,,0,,,,0,,,,0,,,,0,,,,0,,,,0,,,,0,,,,,,,,,,,,,,,,,,,,,,,,
204,24.2,Sapindus saponaria,Exposed,Protected,,13,0.5,6.31,,0.13,1.49,2.86,9,0.203,1.830,34.3,0.007,0.27,34.307,,,0,0.36,,,0,0.19,,,0,0.24,,,0,0.3,,,0,0.24,,,0,0.11,,,0,0.06,,,0,0.06,,,0,,,,0,,,,0,,,,0,,,,0,,,,0,,,,0,,,,,,,,,,,,,,,,,,,,,,,,
205,24.2,Cymbopetalum baillonii,Exposed,Protected,,30,0.6,14.15,,,3.64,0.85,23,0.420,9.660,31.896,0,0.46,31.896,55.731,0,55.731,0.88,61.47,0,61.47,1.18,,,0,0.92,,,0,0.66,,,0,0.59,,,0,0.53,,,0,1.52,,,0,0.88,,,0,0.39,,,0,0.21,,,0,0.13,,,0,0.22,,,0,0.16,,,0,0.11,,,0,0.14,0.18,0.1,0.18,0.12,0.06,0.03,0.01,,,,,,,,,,,,,,,,
206,24.2,Sapindus saponaria,Exposed,Protected,,17,0.5,7.19,,0.13,1.86,3.19,7,0.287,2.010,70.851,0.122,0.53,70.973,,,0,0.04,,,0,0.33,,,0,0.05,,,0,0.6,,,0,0.11,,,0,0.35,,,0,,,,0,,,,0,,,,0,,,,0,,,,0,,,,0,,,,0,,,,0,,,,,,,,,,,,,,,,,,,,,,,,
211,24.2,Cymbopetalum baillonii,Exposed,Protected,,18,0.4,4.56,0.25,,1.04,0.46,15,0.187,2.810,16.602,0,0.21,16.602,12.701,0,12.701,0.18,11.206,0,11.206,0.13,,,0,0.61,,,0,0.36,,,0,0.26,,,0,0.22,,,0,0.09,,,0,0.16,,,0,0.17,,,0,0.17,,,0,0.07,,,0,0.11,,,0,0.06,,,0,0.01,,,0,,,,,,,,,,,,,,,,,,,,,,,,
211,24.2,Sapindus saponaria,Covered,Protected,,10,0.2,0.78,,0.03,0.28,0.2,5,0.054,0.270,10.193,0.002,0.05,10.195,,,0,0.07,,,0,0.04,,,0,0.07,,,0,0.04,,,0,,,,0,,,,0,,,,0,,,,0,,,,0,,,,0,,,,0,,,,0,,,,0,,,,0,,,,,,,,,,,,,,,,,,,,,,,,
212,24.2,Sapindus saponaria,Covered,Protected,,12,0.3,1.14,,0.05,0.31,0.32,7,0.066,0.460,19.342,0.018,0.1,19.36,,,0,0.04,,,0,0.12,,,0,0.04,,,0,0.04,,,0,0.08,,,0,0.04,,,0,,,,0,,,,0,,,,0,,,,0,,,,0,,,,0,,,,0,,,,0,,,,,,,,,,,,,,,,,,,,,,,,
225,24.2,Sapindus saponaria,Exposed,Unprotected,,22,0.8,14.75,,0.44,3.3,4.56,13,0.496,6.450,72.206,0.016,0.64,72.222,,,0,0.71,,,0,0.71,,,0,0.52,,,0,0.3,,,0,0.71,,,0,0.65,,,0,0.58,,,0,0.45,,,0,0.34,,,0,0.49,,,0,0.2,,,0,0.15,,,0,,,,0,,,,0,,,,,,,,,,,,,,,,,,,,,,,,
230,24.2,Cymbopetalum baillonii,Exposed,Unprotected,,7,0.3,0.40,,,0.26,0.09,3,0.017,0.050,3.321,0,0.03,3.321,1.337,0,1.337,0.01,1.821,0,1.821,0.01,,,0,,,,0,,,,0,,,,0,,,,0,,,,0,,,,0,,,,0,,,,0,,,,0,,,,0,,,,0,,,,0,,,,,,,,,,,,,,,,,,,,,,,,
234,24.2,Sapindus saponaria,Covered,Unprotected,,7,0.3,0.40,,0.01,0.2,0.15,2,0.020,0.040,10.429,0.023,0.03,10.452,,,0,0.01,,,0,,,,0,,,,0,,,,0,,,,0,,,,0,,,,0,,,,0,,,,0,,,,0,,,,0,,,,0,,,,0,,,,0,,,,,,,,,,,,,,,,,,,,,,,,
SASA3,Invernadero,Sapindus saponaria,Invernadero,Invernadero,Died / Drying,,,13.50,,,4.26,9.24,0,,0.000,,,,,,,,,,,,,,,,,,,,,,,,,,,,,,,,,,,,,,,,,,,,,,,,,,,,,,,,,,,,,,,,,,,,,,,,,,,,,,,,,,,,,,,
SASA9,Invernadero,Sapindus saponaria,Invernadero,Invernadero,Died / Drying,,,9.64,,,3.74,5.73,3,0.057,0.170,,,0.05,,,,,0.07,,,,0.05,,,,,,,,,,,,,,,,,,,,,,,,,,,,,,,,,,,,,,,,,,,,,,,,,,,,,,,,,,,,,,,,,,,,,,,,,,,
SASA19,Invernadero,Sapindus saponaria,Invernadero,Invernadero,Died / Drying,,,16.21,,,7,8.69,5,0.104,0.520,,,0.08,,,,,0.1,,,,0.12,,,,0.12,,,,0.1,,,,,,,,,,,,,,,,,,,,,,,,,,,,,,,,,,,,,,,,,,,,,,,,,,,,,,,,,,,,,,,,,,,
SASA24,Invernadero,Sapindus saponaria,Invernadero,Invernadero,Died / Drying,,,1.65,,,0.54,0.94,3,0.057,0.170,,,0.01,,7.615,0,,0.07,16.918,0,,0.09,,,,,,,,,,,,,,,,,,,,,,,,,,,,,,,,,,,,,,,,,,,,,,,,,,,,,,,,,,,,,,,,,,,,,,,,,,,
CYBA3,Invernadero,Cymbopetalum baillonii,Invernadero,Invernadero,Died / Drying,,,12.35,,,5.08,6.39,6,0.147,0.880,,,0.06,,,,,0.16,,,,0.12,,,,0.27,,,,0.15,,,,0.12,,,,,,,,,,,,,,,,,,,,,,,,,,,,,,,,,,,,,,,,,,,,,,,,,,,,,,,,,,,,,,,
CYBA4,Invernadero,Cymbopetalum baillonii,Invernadero,Invernadero,Died / Drying,,,11.95,,,5.49,5.95,7,0.073,0.510,,,0.13,,,,,0.09,,,,0.07,,,,0.11,,,,0.07,,,,0.03,,,,0.01,,,,,,,,,,,,,,,,,,,,,,,,,,,,,,,,,,,,,,,,,,,,,,,,,,,,,,,,,,,
CYBA5,Invernadero,Cymbopetalum baillonii,Invernadero,Invernadero,Died / Drying,,,22.50,,,7.94,13.39,7,0.167,1.170,,,0.16,,,,,0.61,,,,0.12,,,,0.01,,,,0.07,,,,0.05,,,,0.15,,,,,,,,,,,,,,,,,,,,,,,,,,,,,,,,,,,,,,,,,,,,,,,,,,,,,,,,,,,
CYBA6,Invernadero,Cymbopetalum baillonii,Invernadero,Invernadero,Died / Drying,,,17.62,,,6.77,10.08,5,0.154,0.770,,,0.14,,,,,0.08,,,,0.09,,,,0.03,,,,0.43,,,,,,,,,,,,,,,,,,,,,,,,,,,,,,,,,,,,,,,,,,,,,,,,,,,,,,,,,,,,,,,,,,,
CYBA8,Invernadero,Cymbopetalum baillonii,Invernadero,Invernadero,Died / Drying,,,8.53,,,2.94,5.18,4,0.103,0.410,,,0.07,,,,,0.04,,,,0.05,,,,0.25,,,,,,,,,,,,,,,,,,,,,,,,,,,,,,,,,,,,,,,,,,,,,,,,,,,,,,,,,,,,,,,,,,,,,,,
CYBA13,Invernadero,Cymbopetalum baillonii,Invernadero,Invernadero,Died / Drying,,,24.84,,,8.15,15.49,5,0.240,1.200,,,0.07,,,,,0.14,,,,0.06,,,,0.15,7.003,0,,0.78,,,,,,,,,,,,,,,,,,,,,,,,,,,,,,,,,,,,,,,,,,,,,,,,,,,,,,,,,,,,,,,,,,,
CYBA24,Invernadero,Cymbopetalum baillonii,Invernadero,Invernadero,Died / Drying,,,10.59,,,4.27,4.91,5,0.282,1.410,,,0.05,,,,,0.05,,,,0.09,55.21,1.132,,1.09,7.702,0,,0.13,,,,,,,,,,,,,,,,,,,,,,,,,,,,,,,,,,,,,,,,,,,,,,,,,,,,,,,,,,,,,,,,,,,
CYBA25,Invernadero,Cymbopetalum baillonii,Invernadero,Invernadero,Died / Drying,,,15.36,,,7.64,7.29,6,0.072,0.430,,,0.04,,,,,0.06,,,,0.06,,,,0.12,,,,0.12,,,,0.03,,,,,,,,,,,,,,,,,,,,,,,,,,,,,,,,,,,,,,,,,,,,,,,,,,,,,,,,,,,,,,,
CYBA27,Invernadero,Cymbopetalum baillonii,Invernadero,Invernadero,Died / Drying,,,7.95,,,3.26,3.94,6,0.125,0.750,,,0.05,,,,,0.24,,,,0.17,,,,0.16,,,,0.1,,,,0.03,,,,,,,,,,,,,,,,,,,,,,,,,,,,,,,,,,,,,,,,,,,,,,,,,,,,,,,,,,,,,,,
CYBA28,Invernadero,Cymbopetalum baillonii,Invernadero,Invernadero,,,,5.55,,,2.88,2.35,3,0.107,0.320,,,0.09,,,,,0.14,,,,0.09,,,,,,,,,,,,,,,,,,,,,,,,,,,,,,,,,,,,,,,,,,,,,,,,,,,,,,,,,,,,,,,,,,,,,,,,,,,
CYBA35,Invernadero,Cymbopetalum baillonii,Invernadero,Invernadero,Died / Drying,,,12.38,,,4.38,7.47,5,0.106,0.530,,,0.15,,,,,0.09,,,,0.19,,,,0.03,,,,0.07,,,,,,,,,,,,,,,,,,,,,,,,,,,,,,,,,,,,,,,,,,,,,,,,,,,,,,,,,,,,,,,,,,,
CYBA38,Invernadero,Cymbopetalum baillonii,Invernadero,Invernadero,Died / Drying,,,5.47,,,2.24,2.76,7,0.067,0.470,,,0.05,,,,,0.07,,,,0.05,,,,0.03,,,,0.15,,,,0.11,,,,0.01,,0.1,,,,,,,,,,,,,,,,,,,,,,,,,,,,,,,,,,,,,,,,,,,,,,,,,,,,,,,,,
CYBA39,Invernadero,Cymbopetalum baillonii,Invernadero,Invernadero,Died / Drying,,,6.47,,,2.71,3.27,5,0.098,0.490,,,0.09,,,,,0.07,,,,0.23,,,,0.06,,,,0.04,,,,,,,,,,,,,,,,,,,,,,,,,,,,,,,,,,,,,,,,,,,,,,,,,,,,,,,,,,,,,,,,,,,
CYBA40,Invernadero,Cymbopetalum baillonii,Invernadero,Invernadero,Died / Drying,,,6.37,,,2.62,3.27,4,0.120,0.480,,,0.07,,,,,0.2,,,,0.15,,,,0.06,,,,,,,,,,,,,,,,,,,,,,,,,,,,,,,,,,,,,,,,,,,,,,,,,,,,,,,,,,,,,,,,,,,,,,,
CYBA42,Invernadero,Cymbopetalum baillonii,Invernadero,Invernadero,Died / Drying,,,17.33,,,7.73,8.99,5,0.122,0.610,,,0.29,,,,,0.14,,,,0.07,,,,0.01,,,,0.1,,,,,,,,,,,,,,,,,,,,,,,,,,,,,,,,,,,,,,,,,,,,,,,,,,,,,,,,,,,,,,,,,,,
CYBA45,Invernadero,Cymbopetalum baillonii,Invernadero,Invernadero,Died / Drying,,,20.85,,,7.24,10.05,6,0.593,3.560,88.317,1.817,1.89,,25.125,0.07,,1.18,,,,0.07,,,,0.17,,,,0.12,,,,0.13,,,,,,,,,,,,,,,,,,,,,,,,,,,,,,,,,,,,,,,,,,,,,,,,,,,,,,,,,,,,,,,
CYBA46,Invernadero,Cymbopetalum baillonii,Invernadero,Invernadero,Died / Drying,,,9.17,,,4.04,4.42,4,0.178,0.710,,,0.38,,,,,0.18,,,,0.07,,,,0.08,,,,,,,,,,,,,,,,,,,,,,,,,,,,,,,,,,,,,,,,,,,,,,,,,,,,,,,,,,,,,,,,,,,,,,,
CYBA47,Invernadero,Cymbopetalum baillonii,Invernadero,Invernadero,Died / Drying,,,8.05,,,3.65,3.97,6,0.072,0.430,,,0.11,,,,,0.1,,,,0.07,,,,0.06,,,,0.04,,,,0.05,,,,,,,,,,,,,,,,,,,,,,,,,,,,,,,,,,,,,,,,,,,,,,,,,,,,,,,,,,,,,,,
CYBA53,Invernadero,Cymbopetalum baillonii,Invernadero,Invernadero,Died / Drying,,,6.53,,,3.08,3.18,5,0.054,0.270,,,0.04,,,,,0.03,,,,0.04,,,,0.07,,,,0.09,,,,,,,,,,,,,,,,,,,,,,,,,,,,,,,,,,,,,,,,,,,,,,,,,,,,,,,,,,,,,,,,,,,